Hour,Bus,Load,Voltage,Carbon Intensity,Generation,Cost,Emissions
1,1,-0.0,0.0,,0.0,0.0,0.0
1,2,23.43,-2.5723685916746035,,0.0,0.0,0.0
1,3,-91.99110658439092,-8.750807486299891,,0.0,0.0,0.0
1,4,-0.0,16.08650505510741,,0.0,0.0,0.0
1,5,-0.0,15.73698720667744,,0.0,0.0,0.0
1,6,-280.92010107932407,-0.40156520437449217,,0.0,0.0,0.0
1,7,-0.0,10.27938335010549,,1700.0,11197.119700000001,0.0
1,8,-232.3084615088755,-13.411081526995986,,0.0,0.0,0.0
1,9,-0.0,12.209446548862616,,0.0,0.0,0.0
1,10,-0.0,4.81496679794509,,0.0,0.0,0.0
1,11,-142.0297023066139,10.354499726352515,,0.0,0.0,0.0
1,12,-0.0,4.337052654387662,,0.0,0.0,0.0
1,13,-226.79089772201442,0.8832756134943338,,0.0,0.0,0.0
1,14,-0.0,-9.549472640719614,,0.0,0.0,0.0
1,15,-0.0,0.27524692213046364,,0.0,0.0,0.0
1,16,-260.7524541342456,-8.575958867237205,,0.0,0.0,0.0
1,17,-0.0,0.9747611981583759,,0.0,0.0,0.0
1,18,-0.0,4.754837811633479,,0.0,0.0,0.0
1,19,-60.560019081306365,2.0535933122882852,,0.0,0.0,0.0
1,20,-112.63440558006086,-13.37210454257729,,0.0,0.0,0.0
1,21,-0.0,3.4471718515851535,,0.0,0.0,0.0
1,22,357.45,8.28402196150273,,0.0,0.0,0.0
1,23,-8.181215270173338,-16.589470402745064,,0.0,0.0,0.0
1,24,-0.0,22.292251224716892,,0.0,0.0,0.0
1,25,-0.0,-1.742047240419197,,0.0,0.0,0.0
1,26,-382.51937908566276,-8.944428250310011,,0.0,0.0,0.0
1,27,-0.0,-3.1780411135114264,,0.0,0.0,0.0
1,28,-287.19870814713147,-3.5742731639475096,,0.0,0.0,0.0
1,29,-0.0,-0.1874062897695694,,0.0,0.0,0.0
1,30,-0.0,12.209446548862616,,0.0,0.0,0.0
1,31,-193.8757758210845,-11.338895006221719,,0.0,0.0,0.0
1,32,-344.2864672591202,12.621194677980384,,0.0,0.0,0.0
1,33,-281.6811443602704,-8.250908943242393,,0.0,0.0,0.0
1,34,-0.0,-0.328229169754195,,0.0,0.0,0.0
1,35,-215.28011809770078,-7.522997593172477,,0.0,0.0,0.0
1,36,-0.0,-13.352646717510652,,0.0,0.0,0.0
1,37,-0.0,6.170953155509778,,993.1786311987257,32360.973730505044,729708.2311780549
1,38,-0.0,-6.706387426878791,,0.0,0.0,0.0
1,39,-0.0,-8.9000405013212,,0.0,0.0,0.0
1,40,-282.3470572310985,-10.452981685069972,,0.0,0.0,0.0
1,41,-319.9235692278249,-9.98142345645465,,0.0,0.0,0.0
1,42,-0.0,-4.848758654581616,,100.0,1676.2466,22117.258754613464
1,43,-371.48425151194056,-10.849401758678141,,0.0,0.0,0.0
1,44,-35.19825174376901,12.209446548862616,,0.0,0.0,0.0
1,45,-0.0,-8.248962393059628,,21.23,588.22028936,7761.28067581985
1,46,-391.27137681654585,-10.928667345142458,,0.0,0.0,0.0
1,47,-330.682818612204,2.2947141468175687,,0.0,0.0,0.0
1,48,-0.0,23.378048822822166,,0.0,0.0,0.0
1,49,-0.0,-1.3333365778671578,,0.0,0.0,0.0
1,50,-0.0,-7.452179593165056,,0.0,0.0,0.0
1,51,-0.0,4.744909511500737,,0.0,0.0,0.0
1,52,-211.85542333344216,-7.152523132943315,,0.0,0.0,0.0
1,53,-0.0,0.925869522136054,,0.0,0.0,0.0
1,54,-0.0,4.744909511500737,,0.0,0.0,0.0
1,55,456.66,-4.398717663920252,,0.0,0.0,0.0
1,56,-0.0,16.175214241273352,,1200.0,10077.9996,0.0
1,57,-0.0,-2.5628947735676775,,0.0,0.0,0.0
1,58,-338.64523393910525,-3.55773270042846,,0.0,0.0,0.0
1,59,-0.0,1.6077837276970968,,0.0,0.0,0.0
1,60,-0.0,15.73698720667744,,0.0,0.0,0.0
1,61,-310.98131067670516,-7.893912184925284,,0.0,0.0,0.0
1,62,-0.0,-5.586870652070502,,0.0,0.0,0.0
1,63,-0.0,6.237412489193957,,0.0,0.0,0.0
1,64,-0.0,-5.726620496294345,,0.0,0.0,0.0
1,65,-0.0,-6.706387426878791,,100.0,2076.0836999999997,27392.914854613467
1,66,179.73,2.6566694221255602,,0.0,0.0,0.0
1,67,-505.80839059897266,-12.124413263125462,,0.0,0.0,0.0
1,68,-0.0,34.8623580228159,,0.0,0.0,0.0
1,69,-0.0,1.575383350107586,,0.0,0.0,0.0
1,70,114.36,-1.9272935862536542,,0.0,0.0,0.0
1,71,-0.0,16.114987206674414,,600.0,13510.674,304652.45294117654
1,72,-37.424303340537115,3.9400158138159895,,0.0,0.0,0.0
1,73,-0.0,-0.20754386196495034,,0.0,0.0,0.0
1,74,-0.0,0.0715207534522051,,0.0,0.0,0.0
1,75,-0.0,-7.152523132943315,,0.0,0.0,0.0
1,76,-0.0,14.97054182003194,,0.0,0.0,0.0
1,77,-606.8559122266252,-9.585265772562707,,0.0,0.0,0.0
1,78,-0.0,-8.507948362195748,,0.0,0.0,0.0
1,79,-0.0,1.1676362904254347,,0.0,0.0,0.0
1,80,1299.13,54.997573892818764,,0.0,0.0,0.0
1,81,-0.0,4.432179738505511,,16.188573918156578,506.2376382468324,6679.559461256833
1,82,-0.0,5.7124308200291125,,0.0,0.0,0.0
1,83,-0.0,1.9343572242214577,,0.0,0.0,0.0
1,84,-880.8219803263019,-16.64359239472833,,0.0,0.0,0.0
1,85,-0.0,8.040694412018638,,0.0,0.0,0.0
1,86,-0.0,0.3372370248689549,,0.0,0.0,0.0
1,87,-0.0,0.9935684293013765,,0.0,0.0,0.0
1,88,-17.0473694931984,-12.953634170073201,,0.0,0.0,0.0
1,89,-0.0,16.12698720667686,,600.0,10593.2064,238866.41882352944
2,1,-0.0,0.0,,0.0,0.0,0.0
2,2,23.43,-1.2965218121826183,,0.0,0.0,0.0
2,3,-85.77685835426378,-9.008319982007379,,0.0,0.0,0.0
2,4,-0.0,19.196628703401075,,0.0,0.0,0.0
2,5,-0.0,18.8569847066683,,0.0,0.0,0.0
2,6,-261.9431879215522,2.7486186643800465,,0.0,0.0,0.0
2,7,-0.0,9.368897864667815,,1700.0,11197.119700000001,0.0
2,8,-216.61539617488327,-13.828465654019965,,0.0,0.0,0.0
2,9,-0.0,15.50686426871107,,0.0,0.0,0.0
2,10,-0.0,6.504143569502048,,0.0,0.0,0.0
2,11,-132.43521150249828,13.808328863000497,,0.0,0.0,0.0
2,12,-0.0,8.141247368956101,,0.0,0.0,0.0
2,13,-211.47055875549623,4.404024044997641,,0.0,0.0,0.0
2,14,-0.0,-8.685733631951734,,0.0,0.0,0.0
2,15,-0.0,-0.01727714590379037,,0.0,0.0,0.0
2,16,-243.13792011275802,-10.551069167646347,,0.0,0.0,0.0
2,17,-0.0,0.7873327798297396,,0.0,0.0,0.0
2,18,-0.0,6.440650296601234,,0.0,0.0,0.0
2,19,-56.469025882445,5.819490867826971,,0.0,0.0,0.0
2,20,-105.02564663024644,-13.277652460281388,,0.0,0.0,0.0
2,21,-0.0,-0.6602750181627925,,0.0,0.0,0.0
2,22,357.45,2.924343820748618,,0.0,0.0,0.0
2,23,-7.6285520356429,-16.41056044342986,,0.0,0.0,0.0
2,24,-0.0,25.491951072050142,,0.0,0.0,0.0
2,25,-0.0,-2.6414053558110027,,0.0,0.0,0.0
2,26,-356.67915971302443,-7.954607000370743,,0.0,0.0,0.0
2,27,-0.0,-5.127289706055308,,0.0,0.0,0.0
2,28,-267.79765808844087,-1.0893951452017063,,0.0,0.0,0.0
2,29,-0.0,-0.2682532332109986,,0.0,0.0,0.0
2,30,-0.0,15.50686426871107,,0.0,0.0,0.0
2,31,-180.7789424260492,-11.610128392552724,,0.0,0.0,0.0
2,32,-321.0289845604096,15.951672396389768,,0.0,0.0,0.0
2,33,-262.6528206690538,-10.686765142338118,,0.0,0.0,0.0
2,34,-0.0,2.8218175275542308,,0.0,0.0,0.0
2,35,-200.73736344953355,-6.550991511918255,,0.0,0.0,0.0
2,36,-0.0,-13.77627009084972,,0.0,0.0,0.0
2,37,-0.0,-0.8241347857547225,,98.52044292369445,3210.114842607266,72384.94252937954
2,38,-0.0,-6.899259061916382,,0.0,0.0,0.0
2,39,-0.0,-7.908616435495787,,0.0,0.0,0.0
2,40,-263.2737493231178,-10.160630938000395,,0.0,0.0,0.0
2,41,-298.3118662310125,-9.067779797362164,,0.0,0.0,0.0
2,42,-0.0,-3.7110451499174815,,100.0,1676.2466,22117.258754613464
2,43,-346.3894848742503,-9.952445404458558,,0.0,0.0,0.0
2,44,-32.82051457195201,15.50686426871107,,0.0,0.0,0.0
2,45,-0.0,-10.68095321576402,,21.23,588.22028936,7761.28067581985
2,46,-364.8399363092936,-11.025407729073777,,0.0,0.0,0.0
2,47,-308.3442991988173,5.759159411943983,,0.0,0.0,0.0
2,48,-0.0,26.563373903016327,,0.0,0.0,0.0
2,49,-0.0,-1.6258606459014118,,0.0,0.0,0.0
2,50,-0.0,-6.480173511910834,,0.0,0.0,0.0
2,51,-0.0,-0.6147686292533763,,0.0,0.0,0.0
2,52,-197.54401608577604,-4.500698612871929,,0.0,0.0,0.0
2,53,-0.0,0.6333454541018,,0.0,0.0,0.0
2,54,-0.0,-0.6147686292533763,,0.0,0.0,0.0
2,55,456.66,-5.422194366430631,,0.0,0.0,0.0
2,56,-0.0,19.28815899004985,,1200.0,10077.9996,0.0
2,57,-0.0,-4.604381120210746,,0.0,0.0,0.0
2,58,-315.76883181955344,0.5396630420000292,,0.0,0.0,0.0
2,59,-0.0,3.213168204136309,,0.0,0.0,0.0
2,60,-0.0,18.8569847066683,,0.0,0.0,0.0
2,61,-289.9736814478679,-5.236493114425684,,0.0,0.0,0.0
2,62,-0.0,-6.493153108662227,,0.0,0.0,0.0
2,63,-0.0,8.246337909062277,,0.0,0.0,0.0
2,64,-0.0,-6.6191247569950065,,0.0,0.0,0.0
2,65,-0.0,-6.899259061916382,,100.0,2076.0836999999997,27392.914854613467
2,66,179.73,2.364145354105858,,0.0,0.0,0.0
2,67,-471.63966480829424,-12.286615332952351,,0.0,0.0,0.0
2,68,-0.0,38.04768310302461,,0.0,0.0,0.0
2,69,-0.0,0.6648978646553587,,0.0,0.0,0.0
2,70,114.36,0.7032594894990325,,0.0,0.0,0.0
2,71,-0.0,19.234984706665273,,600.0,13510.674,304652.45294117654
2,72,-34.896190358394385,6.095128654691507,,0.0,0.0,0.0
2,73,-0.0,-0.834038759872783,,0.0,0.0,0.0
2,74,-0.0,-0.6264393647288671,,0.0,0.0,0.0
2,75,-0.0,-4.500698612871929,,0.0,0.0,0.0
2,76,-0.0,18.111217902653152,,0.0,0.0,0.0
2,77,-565.8611528578277,-8.716489569138503,,0.0,0.0,0.0
2,78,-0.0,-10.500338779907906,,0.0,0.0,0.0
2,79,-0.0,1.768263661157107,,0.0,0.0,0.0
2,80,1299.13,58.18289897302748,,0.0,0.0,0.0
2,81,-0.0,8.245293571439106,,386.5460763322061,12087.795610984782,159492.5849818466
2,82,-0.0,7.747812230067211,,0.0,0.0,0.0
2,83,-0.0,3.5633966130699264,,0.0,0.0,0.0
2,84,-821.3200715490834,-16.4592878814874,,0.0,0.0,0.0
2,85,-0.0,11.549621751837549,,0.0,0.0,0.0
2,86,-0.0,-0.505620860873023,,0.0,0.0,0.0
2,87,-0.0,0.9026227341091726,,0.0,0.0,0.0
2,88,-15.8957735440373,-12.914347753787297,,0.0,0.0,0.0
2,89,-0.0,19.246984706667718,,600.0,10593.2064,238866.41882352944
3,1,-0.0,0.0,,0.0,0.0,0.0
3,2,23.43,-1.140639000092051,,0.0,0.0,0.0
3,3,-82.7090587116814,-8.685112973194919,,0.0,0.0,0.0
3,4,-0.0,19.322568815536215,,0.0,0.0,0.0
3,5,-0.0,18.97661252009857,,0.0,0.0,0.0
3,6,-252.57481941633418,3.330487977771554,,0.0,0.0,0.0
3,7,-0.0,9.370644394482952,,1700.0,11197.119700000001,0.0
3,8,-208.86817101750356,-13.338672330341069,,0.0,0.0,0.0
3,9,-0.0,15.744313259070623,,0.0,0.0,0.0
3,10,-0.0,6.531716953715659,,0.0,0.0,0.0
3,11,-127.69868113396105,13.517629966168897,,0.0,0.0,0.0
3,12,-0.0,7.2481872726930305,,0.0,0.0,0.0
3,13,-203.90733812683396,5.020378926186822,,0.0,0.0,0.0
3,14,-0.0,-8.139238255651435,,0.0,0.0,0.0
3,15,-0.0,0.18358343542786315,,0.0,0.0,0.0
3,16,-234.4421198849211,-10.310202563297935,,0.0,0.0,0.0
3,17,-0.0,0.7567165908549214,,0.0,0.0,0.0
3,18,-0.0,6.469268051412655,,0.0,0.0,0.0
3,19,-54.44941755517722,6.396352832118282,,0.0,0.0,0.0
3,20,-101.26941625091082,-12.770257634663722,,0.0,0.0,0.0
3,21,-0.0,-0.9083076876268024,,0.0,0.0,0.0
3,22,357.45,2.5566219737957,,0.0,0.0,0.0
3,23,-7.355717734441158,-15.788227577853831,,0.0,0.0,0.0
3,24,-0.0,25.72702027928608,,0.0,0.0,0.0
3,25,-0.0,-2.5119439153932035,,0.0,0.0,0.0
3,26,-343.9225698859058,-7.637167553999461,,0.0,0.0,0.0
3,27,-0.0,-5.005950645994744,,0.0,0.0,0.0
3,28,-258.2199051195099,-0.5637389648181852,,0.0,0.0,0.0
3,29,-0.0,-0.2542350484727649,,0.0,0.0,0.0
3,30,-0.0,15.744313259070623,,0.0,0.0,0.0
3,31,-174.31340398594278,-11.187184138194425,,0.0,0.0,0.0
3,32,-309.54741921762786,16.175208376182127,,0.0,0.0,0.0
3,33,-253.25907222884035,-10.47205913545622,,0.0,0.0,0.0
3,34,-0.0,3.4015863453241764,,0.0,0.0,0.0
3,35,-193.55801433767837,-6.277852970568347,,0.0,0.0,0.0
3,36,-0.0,-13.288538122695172,,0.0,0.0,0.0
3,37,-0.0,-1.3615455185063183,,0.0,0.0,0.0
3,38,-0.0,-6.5263824495486915,,0.0,0.0,0.0
3,39,-0.0,-7.592653093612171,,0.0,0.0,0.0
3,40,-253.85779343978322,-9.764541760683642,,0.0,0.0,0.0
3,41,-287.6427760572746,-8.67466359322134,,0.0,0.0,0.0
3,42,-0.0,-3.5298062635120004,,100.0,1676.2466,22117.258754613464
3,43,-334.00090410456653,-9.528941069555003,,0.0,0.0,0.0
3,44,-31.64669257840963,15.744313259070623,,0.0,0.0,0.0
3,45,-0.0,-10.466027737464174,,21.23,588.22028936,7761.28067581985
3,46,-351.7914772297265,-10.62953957146965,,0.0,0.0,0.0
3,47,-297.31640019408036,6.377687589323614,,0.0,0.0,0.0
3,48,-0.0,26.77762260484451,,0.0,0.0,0.0
3,49,-0.0,-1.4250000645697583,,0.0,0.0,0.0
3,50,-0.0,-6.209851416249876,,0.0,0.0,0.0
3,51,-0.0,-0.9824904762062943,,0.0,0.0,0.0
3,52,-190.47887668140066,-4.29358969637542,,0.0,0.0,0.0
3,53,-0.0,0.8342060354334535,,0.0,0.0,0.0
3,54,-0.0,-0.9824904762062943,,0.0,0.0,0.0
3,55,456.66,-5.17349560414732,,0.0,0.0,0.0
3,56,-0.0,19.412295588263078,,1200.0,10077.9996,0.0
3,57,-0.0,-4.505193803925067,,0.0,0.0,0.0
3,58,-304.475395244926,1.3036117643932812,,0.0,0.0,0.0
3,59,-0.0,2.896322178610717,,0.0,0.0,0.0
3,60,-0.0,18.97661252009857,,0.0,0.0,0.0
3,61,-279.60280551032724,-5.077458279149141,,0.0,0.0,0.0
3,62,-0.0,-6.2080391482886625,,0.0,0.0,0.0
3,63,-0.0,8.302373118465766,,0.0,0.0,0.0
3,64,-0.0,-6.329727131014806,,0.0,0.0,0.0
3,65,-0.0,-6.5263824495486915,,100.0,2076.0836999999997,27392.914854613467
3,66,179.73,2.5650059354375117,,0.0,0.0,0.0
3,67,-454.7715255119028,-11.819328058205429,,0.0,0.0,0.0
3,68,-0.0,38.26193180485279,,0.0,0.0,0.0
3,69,-0.0,0.6666443944850471,,0.0,0.0,0.0
3,70,114.36,0.8749519458506256,,0.0,0.0,0.0
3,71,-0.0,19.354612520095543,,600.0,13510.674,304652.45294117654
3,72,-33.648132054990135,6.217606443562545,,0.0,0.0,0.0
3,73,-0.0,-0.7330100780673092,,0.0,0.0,0.0
3,74,-0.0,-0.5513859297934687,,0.0,0.0,0.0
3,75,-0.0,-4.29358969637542,,0.0,0.0,0.0
3,76,-0.0,18.256476627735537,,0.0,0.0,0.0
3,77,-545.6231926924073,-8.168488454408362,,0.0,0.0,0.0
3,78,-0.0,-10.262579360976815,,0.0,0.0,0.0
3,79,-0.0,1.6633770831977017,,0.0,0.0,0.0
3,80,1299.13,58.39714767485566,,0.0,0.0,0.0
3,81,-0.0,7.3440507418854395,,226.23401094168958,7074.630042722781,93346.30313228487
3,82,-0.0,7.811181977682281,,0.0,0.0,0.0
3,83,-0.0,3.22135733057803,,0.0,0.0,0.0
3,84,-791.9456520344665,-15.83530113582674,,0.0,0.0,0.0
3,85,-0.0,11.926274264158565,,0.0,0.0,0.0
3,86,-0.0,-0.4618001617200207,,0.0,0.0,0.0
3,87,-0.0,0.8634912564011756,,0.0,0.0,0.0
3,88,-15.327263000137856,-12.418889683525776,,0.0,0.0,0.0
3,89,-0.0,19.366612520097988,,600.0,10593.2064,238866.41882352944
4,1,-0.0,0.0,,0.0,0.0,0.0
4,2,23.43,-1.1302211402216926,,0.0,0.0,0.0
4,3,-81.09516027554545,-8.447062341801939,,0.0,0.0,0.0
4,4,-0.0,19.175939540582476,,0.0,0.0,0.0
4,5,-0.0,18.824972832924686,,0.0,0.0,0.0
4,6,-247.64633742883737,3.489589482123847,,0.0,0.0,0.0
4,7,-0.0,9.43971712293569,,1700.0,11197.119700000001,0.0
4,8,-204.792535049516,-12.97590232193761,,0.0,0.0,0.0
4,9,-0.0,15.659223115013447,,0.0,0.0,0.0
4,10,-0.0,6.424434345914051,,0.0,0.0,0.0
4,11,-125.20690205934784,13.063258613779908,,0.0,0.0,0.0
4,12,-0.0,6.35982140059059,,0.0,0.0,0.0
4,13,-199.9285026855226,5.175200174897327,,0.0,0.0,0.0
4,14,-0.0,-7.833600893005496,,0.0,0.0,0.0
4,15,-0.0,0.3414017301402055,,0.0,0.0,0.0
4,16,-229.86746051217176,-9.99983385100495,,0.0,0.0,0.0
4,17,-0.0,0.7499613717955071,,0.0,0.0,0.0
4,18,-0.0,6.36294346289651,,0.0,0.0,0.0
4,19,-53.38694832617604,6.506153233844088,,0.0,0.0,0.0
4,20,-99.29335032703807,-12.43373427131155,,0.0,0.0,0.0
4,21,-0.0,-0.769984322716482,,0.0,0.0,0.0
4,22,357.45,2.7072739550785627,,0.0,0.0,0.0
4,23,-7.212185919024725,-15.380175181504455,,0.0,0.0,0.0
4,24,-0.0,25.64760504991864,,0.0,0.0,0.0
4,25,-0.0,-2.3572228342673043,,0.0,0.0,0.0
4,26,-337.2116230278886,-7.496029370493488,,0.0,0.0,0.0
4,27,-0.0,-4.7784445547440555,,0.0,0.0,0.0
4,28,-253.181270808554,-0.3930920198035892,,0.0,0.0,0.0
4,29,-0.0,-0.23871475148189347,,0.0,0.0,0.0
4,30,-0.0,15.659223115013447,,0.0,0.0,0.0
4,31,-170.9120337554929,-10.880576529845712,,0.0,0.0,0.0
4,32,-303.50723325049285,16.078232372005004,,0.0,0.0,0.0
4,33,-248.3172384445606,-10.145048831764143,,0.0,0.0,0.0
4,34,-0.0,3.5592757944832556,,0.0,0.0,0.0
4,35,-189.78112482270876,-6.165383342799032,,0.0,0.0,0.0
4,36,-0.0,-12.9266986673465,,0.0,0.0,0.0
4,37,-0.0,-1.2038490114064189,,0.0,0.0,0.0
4,38,-0.0,-6.259519566097879,,0.0,0.0,0.0
4,39,-0.0,-7.452633920562221,,0.0,0.0,0.0
4,40,-248.90427683331842,-9.518141717271646,,0.0,0.0,0.0
4,41,-282.0300144846529,-8.476603153452743,,0.0,0.0,0.0
4,42,-0.0,-3.4919194768590387,,100.0,1676.2466,22117.258754613464
4,43,-327.48355829990174,-9.309059995386633,,0.0,0.0,0.0
4,44,-31.029171977199397,15.659223115013447,,0.0,0.0,0.0
4,45,-0.0,-10.139157046549371,,21.23,588.22028936,7761.28067581985
4,46,-344.92698470870573,-10.354276701968047,,0.0,0.0,0.0
4,47,-291.51487759444007,6.53817864744633,,0.0,0.0,0.0
4,48,-0.0,26.685181287844898,,0.0,0.0,0.0
4,49,-0.0,-1.267181769857416,,0.0,0.0,0.0
4,50,-0.0,-6.099288854486076,,0.0,0.0,0.0
4,51,-0.0,-0.8318384949234314,,0.0,0.0,0.0
4,52,-186.76207025195419,-4.351085155038163,,0.0,0.0,0.0
4,53,-0.0,0.9920243301457958,,0.0,0.0,0.0
4,54,-0.0,-0.8318384949234314,,0.0,0.0,0.0
4,55,456.66,-4.928781917275046,,0.0,0.0,0.0
4,56,-0.0,19.264234766960726,,1200.0,10077.9996,0.0
4,57,-0.0,-4.285809371678624,,0.0,0.0,0.0
4,58,-298.53417947144436,1.5153738946537487,,0.0,0.0,0.0
4,59,-0.0,2.562074947418296,,0.0,0.0,0.0
4,60,-0.0,18.824972832924686,,0.0,0.0,0.0
4,61,-274.14692754990494,-5.167922718828777,,0.0,0.0,0.0
4,62,-0.0,-5.947406635590596,,0.0,0.0,0.0
4,63,-0.0,8.190520546530024,,0.0,0.0,0.0
4,64,-0.0,-6.067221439036075,,0.0,0.0,0.0
4,65,-0.0,-6.259519566097879,,100.0,2076.0836999999997,27392.914854613467
4,66,179.73,2.722824230149854,,0.0,0.0,0.0
4,67,-445.8975875750519,-11.490824886219343,,0.0,0.0,0.0
4,68,-0.0,38.16949048783863,,0.0,0.0,0.0
4,69,-0.0,0.7357171229377855,,0.0,0.0,0.0
4,70,114.36,0.7950614651490469,,0.0,0.0,0.0
4,71,-0.0,19.20297283292166,,600.0,13510.674,304652.45294117654
4,72,-32.991557448189845,6.139842908436549,,0.0,0.0,0.0
4,73,-0.0,-0.6178873063472565,,0.0,0.0,0.0
4,74,-0.0,-0.448522678547306,,0.0,0.0,0.0
4,75,-0.0,-4.351085155038163,,0.0,0.0,0.0
4,76,-0.0,18.12065019835427,,0.0,0.0,0.0
4,77,-534.9764699377038,-7.862207126352587,,0.0,0.0,0.0
4,78,-0.0,-9.953026092174696,,0.0,0.0,0.0
4,79,-0.0,1.5475708662852412,,0.0,0.0,0.0
4,80,1299.13,58.304706357841496,,0.0,0.0,0.0
4,81,-0.0,6.449479142145719,,90.0682149129309,2816.5495385292315,37163.00151710265
4,82,-0.0,7.702323069184786,,0.0,0.0,0.0
4,83,-0.0,2.868287469536881,,0.0,0.0,0.0
4,84,-776.4924493353701,-15.426531111108488,,0.0,0.0,0.0
4,85,-0.0,11.91967016592389,,0.0,0.0,0.0
4,86,-0.0,-0.3692808917403454,,0.0,0.0,0.0
4,87,-0.0,0.8437759722146438,,0.0,0.0,0.0
4,88,-15.028182752200358,-12.086335497791879,,0.0,0.0,0.0
4,89,-0.0,19.214972832924104,,600.0,10593.2064,238866.41882352944
5,1,-0.0,0.0,,0.0,0.0,0.0
5,2,23.43,-1.121747316312394,,0.0,0.0,0.0
5,3,-80.00928950656358,-8.290888424307923,,0.0,0.0,0.0
5,4,-0.0,19.082915801773197,,0.0,0.0,0.0
5,5,-0.0,18.72863904153928,,0.0,0.0,0.0
5,6,-244.33033289853384,3.5996459692978533,,0.0,0.0,0.0
5,7,-0.0,9.484530847505084,,1700.0,11197.119700000001,0.0
5,8,-202.05034640644078,-12.734239925193833,,0.0,0.0,0.0
5,9,-0.0,15.607484570718952,,0.0,0.0,0.0
5,10,-0.0,6.3555472612788435,,0.0,0.0,0.0
5,11,-123.5303714925537,12.76601248064253,,0.0,0.0,0.0
5,12,-0.0,5.774317580842762,,0.0,0.0,0.0
5,13,-197.25144383003885,5.283272208369453,,0.0,0.0,0.0
5,14,-0.0,-7.631205012250575,,0.0,0.0,0.0
5,15,-0.0,0.4450613720109686,,0.0,0.0,0.0
5,16,-226.7895165847888,-9.805365240667015,,0.0,0.0,0.0
5,17,-0.0,0.745255319881835,,0.0,0.0,0.0
5,18,-0.0,6.294686054956401,,0.0,0.0,0.0
5,19,-52.67209276099107,6.584894731087843,,0.0,0.0,0.0
5,20,-97.96380431827433,-12.20844154401857,,0.0,0.0,0.0
5,21,-0.0,-0.6815466390980873,,0.0,0.0,0.0
5,22,357.45,2.802884170319885,,0.0,0.0,0.0
5,23,-7.11561416500979,-15.107036731249536,,0.0,0.0,0.0
5,24,-0.0,25.599410949202138,,0.0,0.0,0.0
5,25,-0.0,-2.2550845316582127,,0.0,0.0,0.0
5,26,-332.69633206400425,-7.401330484688515,,0.0,0.0,0.0
5,27,-0.0,-4.628393517821678,,0.0,0.0,0.0
5,28,-249.79115307168087,-0.2765120518306503,,0.0,0.0,0.0
5,29,-0.0,-0.22856425993086305,,0.0,0.0,0.0
5,30,-0.0,15.607484570718952,,0.0,0.0,0.0
5,31,-168.6235077708134,-10.677264603538788,,0.0,0.0,0.0
5,32,-299.4432467975225,16.01867765802308,,0.0,0.0,0.0
5,33,-244.99225049527897,-9.953812026215019,,0.0,0.0,0.0
5,34,-0.0,3.668394412874477,,0.0,0.0,0.0
5,35,-187.23994017926927,-6.089674659800949,,0.0,0.0,0.0
5,36,-0.0,-12.685668234014884,,0.0,0.0,0.0
5,37,-0.0,-1.1044190502288984,,0.0,0.0,0.0
5,38,-0.0,-6.08783799194498,,0.0,0.0,0.0
5,39,-0.0,-7.358675034847693,,0.0,0.0,0.0
5,40,-245.5714283924309,-9.354881883089547,,0.0,0.0,0.0
5,41,-278.2536097317201,-8.34417292616854,,0.0,0.0,0.0
5,42,-0.0,-3.46550059816218,,100.0,1676.2466,22117.258754613464
5,43,-323.09852691120034,-9.162612110580085,,0.0,0.0,0.0
5,44,-30.613688849460726,15.607484570718952,,0.0,0.0,0.0
5,45,-0.0,-9.948233790812083,,19.68250085548391,545.34368104292,7195.544679296982
5,46,-340.3083844265729,-10.172998788795667,,0.0,0.0,0.0
5,47,-287.61146975570387,6.649889028107282,,0.0,0.0,0.0
5,48,-0.0,26.628304922836833,,0.0,0.0,0.0
5,49,-0.0,-1.1635221279866528,,0.0,0.0,0.0
5,50,-0.0,-6.024845389823895,,0.0,0.0,0.0
5,51,-0.0,-0.7362282796821091,,0.0,0.0,0.0
5,52,-184.2613109939163,-4.384854277930572,,0.0,0.0,0.0
5,53,-0.0,1.095683972016559,,0.0,0.0,0.0
5,54,-0.0,-0.7362282796821091,,0.0,0.0,0.0
5,55,456.66,-4.76630331837805,,0.0,0.0,0.0
5,56,-0.0,19.17026529884606,,1200.0,10077.9996,0.0
5,57,-0.0,-4.141258856834611,,0.0,0.0,0.0
5,58,-294.53678261164947,1.6625775127322413,,0.0,0.0,0.0
5,59,-0.0,2.341995964627131,,0.0,0.0,0.0
5,60,-0.0,18.72863904153928,,0.0,0.0,0.0
5,61,-270.47607796996516,-5.223571849041036,,0.0,0.0,0.0
5,62,-0.0,-5.774143224829459,,0.0,0.0,0.0
5,63,-0.0,8.119085157217341,,0.0,0.0,0.0
5,64,-0.0,-5.892688988082227,,0.0,0.0,0.0
5,65,-0.0,-6.08783799194498,,100.0,2076.0836999999997,27392.914854613467
5,66,179.73,2.826483872020617,,0.0,0.0,0.0
5,67,-439.92698273671,-11.278078960051062,,0.0,0.0,0.0
5,68,-0.0,38.112614122830564,,0.0,0.0,0.0
5,69,-0.0,0.7805308474926278,,0.0,0.0,0.0
5,70,114.36,0.7464053216244793,,0.0,0.0,0.0
5,71,-0.0,19.106639041536255,,600.0,13510.674,304652.45294117654
5,72,-32.54979781994014,6.091381114078104,,0.0,0.0,0.0
5,73,-0.0,-0.542746281309519,,0.0,0.0,0.0
5,74,-0.0,-0.3813924295682227,,0.0,0.0,0.0
5,75,-0.0,-4.384854277930572,,0.0,0.0,0.0
5,76,-0.0,18.03486366313882,,0.0,0.0,0.0
5,77,-527.8130916445401,-7.659381106757792,,0.0,0.0,0.0
5,78,-0.0,-9.759062209399417,,0.0,0.0,0.0
5,79,-0.0,1.4714043329149717,,0.0,0.0,0.0
5,80,1299.13,58.24782999283343,,0.0,0.0,0.0
5,81,-0.0,5.859854344831547,,0.0,0.0,0.0
5,82,-0.0,7.632939538831124,,0.0,0.0,0.0
5,83,-0.0,2.6357405644957907,,0.0,0.0,0.0
5,84,-766.0951525028156,-15.152906328410609,,0.0,0.0,0.0
5,85,-0.0,11.920530793067883,,0.0,0.0,0.0
5,86,-0.0,-0.3092899609473534,,0.0,0.0,0.0
5,87,-0.0,0.8305936347023817,,0.0,0.0,0.0
5,88,-14.826954167090168,-11.86376796089462,,0.0,0.0,0.0
5,89,-0.0,19.1186390415387,,600.0,10593.2064,238866.41882352944
6,1,-0.0,0.0,,0.0,0.0,0.0
6,2,23.43,-1.1115877590636956,,0.0,0.0,0.0
6,3,-79.89156148364401,-8.299149381084135,,0.0,0.0,0.0
6,4,-0.0,19.10836976513383,,0.0,0.0,0.0
6,5,-0.0,18.75411954082665,,0.0,0.0,0.0
6,6,-243.97081805708456,3.630565849976847,,0.0,0.0,0.0
6,7,-0.0,9.478913815430133,,1700.0,11197.119700000001,0.0
6,8,-201.75304358123955,-12.723298881726805,,0.0,0.0,0.0
6,9,-0.0,15.636658291943604,,0.0,0.0,0.0
6,10,-0.0,6.368872684222879,,0.0,0.0,0.0
6,11,-123.34860526895606,12.787208668567473,,0.0,0.0,0.0
6,12,-0.0,5.7878903067176,,0.0,0.0,0.0
6,13,-196.96120225130022,5.319627138989745,,0.0,0.0,0.0
6,14,-0.0,-7.62973502780369,,0.0,0.0,0.0
6,15,-0.0,0.440370438125683,,0.0,0.0,0.0
6,16,-226.4558118166166,-9.874865027770284,,0.0,0.0,0.0
6,17,-0.0,0.7437293242837768,,0.0,0.0,0.0
6,18,-0.0,6.307985709441709,,0.0,0.0,0.0
6,19,-52.5945894937826,6.624131292686798,,0.0,0.0,0.0
6,20,-97.81965749393434,-12.191136868583271,,0.0,0.0,0.0
6,21,-0.0,-0.701172685061465,,0.0,0.0,0.0
6,22,357.45,2.7769527742639184,,0.0,0.0,0.0
6,23,-7.1051440409445545,-15.086316484157578,,0.0,0.0,0.0
6,24,-0.0,25.627241350943223,,0.0,0.0,0.0
6,25,-0.0,-2.256390651949914,,0.0,0.0,0.0
6,26,-332.2067928911402,-7.392719041497912,,0.0,0.0,0.0
6,27,-0.0,-4.631186393293319,,0.0,0.0,0.0
6,28,-249.42360301873964,-0.2527384333516238,,0.0,0.0,0.0
6,29,-0.0,-0.22930601207190193,,0.0,0.0,0.0
6,30,-0.0,15.636658291943604,,0.0,0.0,0.0
6,31,-168.37539017959307,-10.674034205643693,,0.0,0.0,0.0
6,32,-299.00263719281907,16.04814567422727,,0.0,0.0,0.0
6,33,-244.63176168880034,-10.114709990724805,,0.0,0.0,0.0
6,34,-0.0,3.6992895761795808,,0.0,0.0,0.0
6,35,-186.96442982159917,-6.081237177597359,,0.0,0.0,0.0
6,36,-0.0,-12.674832711738418,,0.0,0.0,0.0
6,37,-0.0,-1.135741603691713,,0.0,0.0,0.0
6,38,-0.0,-6.11888819251908,,0.0,0.0,0.0
6,39,-0.0,-7.350062433251878,,0.0,0.0,0.0
6,40,-245.21008736655162,-9.353109805553686,,0.0,0.0,0.0
6,41,-277.8441791825179,-8.335050875291927,,0.0,0.0,0.0
6,42,-0.0,-3.4567822699755197,,100.0,1676.2466,22117.258754613464
6,43,-322.6231102312615,-9.156159030389972,,0.0,0.0,0.0
6,44,-30.56864296685448,15.636658291943604,,0.0,0.0,0.0
6,45,-0.0,-10.110551562771434,,9.749701122359681,270.1352809876556,3564.303670088992
6,46,-339.80764465587157,-10.178117242990993,,0.0,0.0,0.0
6,47,-287.18826977589964,6.685525045715622,,0.0,0.0,0.0
6,48,-0.0,26.655711506435182,,0.0,0.0,0.0
6,49,-0.0,-1.1682130618864903,,0.0,0.0,0.0
6,50,-0.0,-6.016432109754533,,0.0,0.0,0.0
6,51,-0.0,-0.7621596757380757,,0.0,0.0,0.0
6,52,-183.99018347887818,-4.357499313671724,,0.0,0.0,0.0
6,53,-0.0,1.0909930381167214,,0.0,0.0,0.0
6,54,-0.0,-0.7621596757380757,,0.0,0.0,0.0
6,55,456.66,-4.762385999216349,,0.0,0.0,0.0
6,56,-0.0,19.195726843900047,,1200.0,10077.9996,0.0
6,57,-0.0,-4.1448756914178375,,0.0,0.0,0.0
6,58,-294.1033925227259,1.7083515947160777,,0.0,0.0,0.0
6,59,-0.0,2.3484926290548174,,0.0,0.0,0.0
6,60,-0.0,18.75411954082665,,0.0,0.0,0.0
6,61,-270.07809150985753,-5.196681259869365,,0.0,0.0,0.0
6,62,-0.0,-5.768588216742501,,0.0,0.0,0.0
6,63,-0.0,8.135456491014338,,0.0,0.0,0.0
6,64,-0.0,-5.886941375414608,,0.0,0.0,0.0
6,65,-0.0,-6.11888819251908,,100.0,2076.0836999999997,27392.914854613467
6,66,179.73,2.8217929381207796,,0.0,0.0,0.0
6,67,-439.2796612290954,-11.3072563859605,,0.0,0.0,0.0
6,68,-0.0,38.140020706443465,,0.0,0.0,0.0
6,69,-0.0,0.7749138154322281,,0.0,0.0,0.0
6,70,114.36,0.7732878025708487,,0.0,0.0,0.0
6,71,-0.0,19.132119540823624,,600.0,13510.674,304652.45294117654
6,72,-32.50190308962312,6.11048076840234,,0.0,0.0,0.0
6,73,-0.0,-0.5492167124903062,,0.0,0.0,0.0
6,74,-0.0,-0.3872312355961185,,0.0,0.0,0.0
6,75,-0.0,-4.357499313671724,,0.0,0.0,0.0
6,76,-0.0,18.06090527860215,,0.0,0.0,0.0
6,77,-527.036451930157,-7.657884282627492,,0.0,0.0,0.0
6,78,-0.0,-9.828339555446291,,0.0,0.0,0.0
6,79,-0.0,1.4741940949024865,,0.0,0.0,0.0
6,80,1299.13,58.27523657644633,,0.0,0.0,0.0
6,81,-0.0,5.873323490202893,,0.0,0.0,0.0
6,82,-0.0,7.649770898729912,,0.0,0.0,0.0
6,83,-0.0,2.642124856603914,,0.0,0.0,0.0
6,84,-764.9678975524387,-15.132111304134014,,0.0,0.0,0.0
6,85,-0.0,11.954093554857536,,0.0,0.0,0.0
6,86,-0.0,-0.3170363104145508,,0.0,0.0,0.0
6,87,-0.0,0.8296856097294949,,0.0,0.0,0.0
6,88,-14.805137350433306,-11.847103468622663,,0.0,0.0,0.0
6,89,-0.0,19.14411954082607,,600.0,10593.2064,238866.41882352944
7,1,-0.0,0.0,,0.0,0.0,0.0
7,2,23.43,-1.131250768667087,,0.0,0.0,0.0
7,3,-81.25466671618685,-8.47058960229333,,0.0,0.0,0.0
7,4,-0.0,19.19043135321408,,0.0,0.0,0.0
7,5,-0.0,18.839959839679068,,0.0,0.0,0.0
7,6,-248.13343413950338,3.4738650015206076,,0.0,0.0,0.0
7,7,-0.0,9.432890457261237,,1700.0,11197.119700000001,0.0
7,8,-205.19534242081517,-13.011755973886466,,0.0,0.0,0.0
7,9,-0.0,15.667632830096409,,0.0,0.0,0.0
7,10,-0.0,6.435037408999051,,0.0,0.0,0.0
7,11,-125.45317208610855,13.108165502300835,,0.0,0.0,0.0
7,12,-0.0,6.447621273910045,,0.0,0.0,0.0
7,13,-200.32174296937896,5.159898724843515,,0.0,0.0,0.0
7,14,-0.0,-7.863807953588548,,0.0,0.0,0.0
7,15,-0.0,0.3258040730142966,,0.0,0.0,0.0
7,16,-230.31958786873648,-10.030508525116602,,0.0,0.0,0.0
7,17,-0.0,0.7506290104356594,,0.0,0.0,0.0
7,18,-0.0,6.373451842038776,,0.0,0.0,0.0
7,19,-53.4919553583501,6.495301329618087,,0.0,0.0,0.0
7,20,-99.48865087069828,-12.46699388831621,,0.0,0.0,0.0
7,21,-0.0,-0.7836552372609731,,0.0,0.0,0.0
7,22,357.45,2.6923845662677195,,0.0,0.0,0.0
7,23,-7.226371600405448,-15.420504228168284,,0.0,0.0,0.0
7,24,-0.0,25.655453896091785,,0.0,0.0,0.0
7,25,-0.0,-2.3725143844640115,,0.0,0.0,0.0
7,26,-337.8748861073292,-7.509978482034057,,0.0,0.0,0.0
7,27,-0.0,-4.800929666584125,,0.0,0.0,0.0
7,28,-253.6792542049308,-0.4099575710715726,,0.0,0.0,0.0
7,29,-0.0,-0.24024866915715393,,0.0,0.0,0.0
7,30,-0.0,15.667632830096409,,0.0,0.0,0.0
7,31,-171.24820141425937,-10.910879482733435,,0.0,0.0,0.0
7,32,-304.1042030119461,16.087816802421003,,0.0,0.0,0.0
7,33,-248.8056547534946,-10.17736824444728,,0.0,0.0,0.0
7,34,-0.0,3.543690871549188,,0.0,0.0,0.0
7,35,-190.154406182762,-6.176499054665328,,0.0,0.0,0.0
7,36,-0.0,-12.962460349939647,,0.0,0.0,0.0
7,37,-0.0,-1.2194346319010947,,0.0,0.0,0.0
7,38,-0.0,-6.285894428190659,,0.0,0.0,0.0
7,39,-0.0,-7.466472436921322,,0.0,0.0,0.0
7,40,-249.39384779073688,-9.542494175286265,,0.0,0.0,0.0
7,41,-282.5847406065526,-8.496178062909166,,0.0,0.0,0.0
7,42,-0.0,-3.495663942027022,,100.0,1676.2466,22117.258754613464
7,43,-328.1276872044567,-9.330791503831279,,0.0,0.0,0.0
7,44,-31.09020339709321,15.667632830096409,,0.0,0.0,0.0
7,45,-0.0,-10.17146266088821,,21.23,588.22028936,7761.28067581985
7,46,-345.60542316822807,-10.38148175997776,,0.0,0.0,0.0
7,47,-292.0882595368533,6.522316833055811,,0.0,0.0,0.0
7,48,-0.0,26.694317541463533,,0.0,0.0,0.0
7,49,-0.0,-1.2827794269833248,,0.0,0.0,0.0
7,50,-0.0,-6.1102160852751695,,0.0,0.0,0.0
7,51,-0.0,-0.8467278837342747,,0.0,0.0,0.0
7,52,-187.12941341980155,-4.345402705788729,,0.0,0.0,0.0
7,53,-0.0,0.976426673005335,,0.0,0.0,0.0
7,54,-0.0,-0.8467278837342747,,0.0,0.0,0.0
7,55,456.66,-4.952967707591597,,0.0,0.0,0.0
7,56,-0.0,19.27886806362949,,1200.0,10077.9996,0.0
7,57,-0.0,-4.307491795509122,,0.0,0.0,0.0
7,58,-299.12136771073625,1.4944448058813578,,0.0,0.0,0.0
7,59,-0.0,2.595109607442282,,0.0,0.0,0.0
7,60,-0.0,18.839959839679068,,0.0,0.0,0.0
7,61,-274.6861483921559,-5.158981845932431,,0.0,0.0,0.0
7,62,-0.0,-5.973165731382323,,0.0,0.0,0.0
7,63,-0.0,8.201575272920309,,0.0,0.0,0.0
7,64,-0.0,-6.093165666767163,,0.0,0.0,0.0
7,65,-0.0,-6.285894428190659,,100.0,2076.0836999999997,27392.914854613467
7,66,179.73,2.707226573009393,,0.0,0.0,0.0
7,67,-446.77462557390436,-11.5232918435795,,0.0,0.0,0.0
7,68,-0.0,38.17862674147182,,0.0,0.0,0.0
7,69,-0.0,0.7288904572487809,,0.0,0.0,0.0
7,70,114.36,0.8029572818486486,,0.0,0.0,0.0
7,71,-0.0,19.21795983967604,,600.0,13510.674,304652.45294117654
7,72,-33.05644869301749,6.147528512694407,,0.0,0.0,0.0
7,73,-0.0,-0.6292652364209061,,0.0,0.0,0.0
7,74,-0.0,-0.4586889633064857,,0.0,0.0,0.0
7,75,-0.0,-4.345402705788729,,0.0,0.0,0.0
7,76,-0.0,18.134074333240278,,0.0,0.0,0.0
7,77,-536.0287175965865,-7.892477831977885,,0.0,0.0,0.0
7,78,-0.0,-9.983620173559757,,0.0,0.0,0.0
7,79,-0.0,1.5590163433080306,,0.0,0.0,0.0
7,80,1299.13,58.31384261147468,,0.0,0.0,0.0
7,81,-0.0,6.537892346212175,,103.52589042418299,3237.3884525405206,42715.76634012941
7,82,-0.0,7.713081922804122,,0.0,0.0,0.0
7,83,-0.0,2.9031824267294724,,0.0,0.0,0.0
7,84,-778.0197358757453,-15.466931083137752,,0.0,0.0,0.0
7,85,-0.0,11.920322868827498,,0.0,0.0,0.0
7,86,-0.0,-0.3784248496958753,,0.0,0.0,0.0
7,87,-0.0,0.845724493090529,,0.0,0.0,0.0
7,88,-15.057741753402983,-12.119202829024289,,0.0,0.0,0.0
7,89,-0.0,19.229959839678486,,600.0,10593.2064,238866.41882352944
8,1,-0.0,0.0,,0.0,0.0,0.0
8,2,23.43,-1.148598820058396,,0.0,0.0,0.0
8,3,-83.94216619510149,-8.866996794662555,,0.0,0.0,0.0
8,4,-0.0,19.43460167471494,,0.0,0.0,0.0
8,5,-0.0,19.092473610755405,,0.0,0.0,0.0
8,6,-256.3404516795602,3.208925646933494,,0.0,0.0,0.0
8,7,-0.0,9.317869017526391,,1700.0,11197.119700000001,0.0
8,8,-211.98218184947038,-13.615848639659816,,0.0,0.0,0.0
8,9,-0.0,15.809326825634344,,0.0,0.0,0.0
8,10,-0.0,6.613686787473853,,0.0,0.0,0.0
8,11,-129.60253787930355,13.864794758148491,,0.0,0.0,0.0
8,12,-0.0,7.926947831816506,,0.0,0.0,0.0
8,13,-206.94738801356976,4.902086946880445,,0.0,0.0,0.0
8,14,-0.0,-8.372762070197496,,0.0,0.0,0.0
8,15,-0.0,0.06300154757627752,,0.0,0.0,0.0
8,16,-237.93741214144077,-10.547341390119982,,0.0,0.0,0.0
8,17,-0.0,0.7618779510667082,,0.0,0.0,0.0
8,18,-0.0,6.550505905543105,,0.0,0.0,0.0
8,19,-55.261202688522864,6.312459264823701,,0.0,0.0,0.0
8,20,-102.7792396845917,-13.027380058483686,,0.0,0.0,0.0
8,21,-0.0,-1.0139943730900995,,0.0,0.0,0.0
8,22,357.45,2.4415155449387385,,0.0,0.0,0.0
8,23,-7.465383963576762,-16.100002130886423,,0.0,0.0,0.0
8,24,-0.0,25.78769789780199,,0.0,0.0,0.0
8,25,-0.0,-2.6301593610987766,,0.0,0.0,0.0
8,26,-349.0501036923507,-7.745004916228936,,0.0,0.0,0.0
8,27,-0.0,-5.179777856785222,,0.0,0.0,0.0
8,28,-262.06969983765396,-0.6941226495691808,,0.0,0.0,0.0
8,29,-0.0,-0.2660934119921876,,0.0,0.0,0.0
8,30,-0.0,15.809326825634344,,0.0,0.0,0.0
8,31,-176.91223857871444,-11.421449274013867,,0.0,0.0,0.0
8,32,-314.16245468117046,16.249303395889,,0.0,0.0,0.0
8,33,-257.0349060017534,-10.721913056622725,,0.0,0.0,0.0
8,34,-0.0,3.2811029025906464,,0.0,0.0,0.0
8,35,-196.44376639039783,-6.363785973881022,,0.0,0.0,0.0
8,36,-0.0,-13.56500343811058,,0.0,0.0,0.0
8,37,-0.0,-1.4820343538885936,,0.0,0.0,0.0
8,38,-0.0,-6.7302804218634265,,0.0,0.0,0.0
8,39,-0.0,-7.699635470096837,,0.0,0.0,0.0
8,40,-257.64255353367247,-9.95280499375076,,0.0,0.0,0.0
8,41,-291.93123569196104,-8.82599270103674,,0.0,0.0,0.0
8,42,-0.0,-3.558753859673743,,100.0,1676.2466,22117.258754613464
8,43,-338.9805160205495,-9.696942346417927,,0.0,0.0,0.0
8,44,-32.118512401434906,15.809326825634344,,0.0,0.0,0.0
8,45,-0.0,-10.715774986776523,,21.23,588.22028936,7761.28067581985
8,46,-357.03632839757233,-10.839855596757843,,0.0,0.0,0.0
8,47,-301.74908367196724,6.2550635627121665,,0.0,0.0,0.0
8,48,-0.0,26.848252873300225,,0.0,0.0,0.0
8,49,-0.0,-1.5455819524213439,,0.0,0.0,0.0
8,50,-0.0,-6.294327315874398,,0.0,0.0,0.0
8,51,-0.0,-1.0975969050632557,,0.0,0.0,0.0
8,52,-193.31872194052846,-4.249659992521629,,0.0,0.0,0.0
8,53,-0.0,0.7136241475818679,,0.0,0.0,0.0
8,54,-0.0,-1.0975969050632557,,0.0,0.0,0.0
8,55,456.66,-5.3604703677556245,,0.0,0.0,0.0
8,56,-0.0,19.525422227874515,,1200.0,10077.9996,0.0
8,57,-0.0,-4.672815618963796,,0.0,0.0,0.0
8,58,-309.01481201791347,1.1418138087756233,,0.0,0.0,0.0
8,59,-0.0,3.1517055118310964,,0.0,0.0,0.0
8,60,-0.0,19.092473610755405,,0.0,0.0,0.0
8,61,-283.77139740619106,-5.008338454106706,,0.0,0.0,0.0
8,62,-0.0,-6.40717677345674,,0.0,0.0,0.0
8,63,-0.0,8.387834657056374,,0.0,0.0,0.0
8,64,-0.0,-6.53029596855049,,0.0,0.0,0.0
8,65,-0.0,-6.7302804218634265,,100.0,2076.0836999999997,27392.914854613467
8,66,179.73,2.444424047571374,,0.0,0.0,0.0
8,67,-461.551703887647,-12.070322613144526,,0.0,0.0,0.0
8,68,-0.0,38.33256207329396,,0.0,0.0,0.0
8,69,-0.0,0.6138690175284864,,0.0,0.0,0.0
8,70,114.36,0.9359926826145966,,0.0,0.0,0.0
8,71,-0.0,19.47047361075238,,600.0,13510.674,304652.45294117654
8,72,-34.14979129384998,6.277022076523281,,0.0,0.0,0.0
8,73,-0.0,-0.8209702297899639,,0.0,0.0,0.0
8,74,-0.0,-0.6299791312339948,,0.0,0.0,0.0
8,75,-0.0,-4.249659992521629,,0.0,0.0,0.0
8,76,-0.0,18.36025551664352,,0.0,0.0,0.0
8,77,-553.7578765168474,-8.402504294062965,,0.0,0.0,0.0
8,78,-0.0,-10.499095143954037,,0.0,0.0,0.0
8,79,-0.0,1.7518594247667352,,0.0,0.0,0.0
8,80,1299.13,58.467777943296824,,0.0,0.0,0.0
8,81,-0.0,8.027552819461562,,330.2721947018249,10328.038570273815,136273.4465718672
8,82,-0.0,7.894356192191481,,0.0,0.0,0.0
8,83,-0.0,3.491122191917384,,0.0,0.0,0.0
8,84,-803.7527518273673,-16.14762399654137,,0.0,0.0,0.0
8,85,-0.0,11.931320159725146,,0.0,0.0,0.0
8,86,-0.0,-0.5324899905390339,,0.0,0.0,0.0
8,87,-0.0,0.8785548216983443,,0.0,0.0,0.0
8,88,-15.555776817127393,-12.67297943655285,,0.0,0.0,0.0
8,89,-0.0,19.482473610754823,,600.0,10593.2064,238866.41882352944
9,1,-0.0,0.0,,0.0,0.0,0.0
9,2,23.43,-1.6035744785913266,,0.0,0.0,0.0
9,3,-87.27241528117,-8.946345535150613,,0.0,0.0,0.0
9,4,-0.0,18.448128354924847,,0.0,0.0,0.0
9,5,-0.0,18.106108059932012,,0.0,0.0,0.0
9,6,-266.5102816187125,1.9904771915171295,,0.0,0.0,0.0
9,7,-0.0,9.588020568509819,,1700.0,11197.119700000001,0.0
9,8,-220.39218005854923,-13.728015575543395,,0.0,0.0,0.0
9,9,-0.0,14.713288645536522,,0.0,0.0,0.0
9,10,-0.0,6.097616516199196,,0.0,0.0,0.0
9,11,-134.7442771611032,12.977110363455722,,0.0,0.0,0.0
9,12,-0.0,7.225707862657146,,0.0,0.0,0.0
9,13,-215.15764015543874,3.556700360844843,,0.0,0.0,0.0
9,14,-0.0,-8.893606058307341,,0.0,0.0,0.0
9,15,-0.0,0.053123388497624546,,0.0,0.0,0.0
9,16,-247.37713576596377,-10.075727697243565,,0.0,0.0,0.0
9,17,-0.0,0.8324403872102266,,0.0,0.0,0.0
9,18,-0.0,6.034932911978103,,0.0,0.0,0.0
9,19,-57.45358797103704,4.913168177357875,,0.0,0.0,0.0
9,20,-106.85681457384206,-13.300383844791213,,0.0,0.0,0.0
9,21,-0.0,0.328246906035929,,0.0,0.0,0.0
9,22,357.45,4.214234966479125,,0.0,0.0,0.0
9,23,-7.761559166681096,-16.453617949184263,,0.0,0.0,0.0
9,24,-0.0,24.72189279734448,,0.0,0.0,0.0
9,25,-0.0,-2.4249606291996315,,0.0,0.0,0.0
9,26,-362.89801638633355,-8.19282310824201,,0.0,0.0,0.0
9,27,-0.0,-4.658172263865708,,0.0,0.0,0.0
9,28,-272.4668270257003,-1.6874202635808615,,0.0,0.0,0.0
9,29,-0.0,-0.2487961401202483,,0.0,0.0,0.0
9,30,-0.0,14.713288645536522,,0.0,0.0,0.0
9,31,-183.93090211274503,-11.54485179677431,,0.0,0.0,0.0
9,32,-326.62626488529713,15.150140362718957,,0.0,0.0,0.0
9,33,-267.2322871225898,-10.10053789865924,,0.0,0.0,0.0
9,34,-0.0,2.063709067166201,,0.0,0.0,0.0
9,35,-204.23730690929443,-6.784920118239825,,0.0,0.0,0.0
9,36,-0.0,-13.674318439268973,,0.0,0.0,0.0
9,37,-0.0,0.8593435429938836,,313.8340578833119,10225.729172849613,230580.1676230795
9,38,-0.0,-6.852841458516195,,0.0,0.0,0.0
9,39,-0.0,-8.147218286321731,,0.0,0.0,0.0
9,40,-267.86404193848244,-10.23098975996254,,0.0,0.0,0.0
9,41,-303.51306369242474,-9.287662565562641,,0.0,0.0,0.0
9,42,-0.0,-3.9848538633377757,,100.0,1676.2466,22117.258754613464
9,43,-352.4289365801125,-10.16831210932287,,0.0,0.0,0.0
9,44,-33.39275455432564,14.713288645536522,,0.0,0.0,0.0
9,45,-0.0,-10.095656235920615,,21.23,588.22028936,7761.28067581985
9,46,-371.20107968092265,-11.002125628656358,,0.0,0.0,0.0
9,47,-313.7204165034902,4.92538597350358,,0.0,0.0,0.0
9,48,-0.0,25.79677514292416,,0.0,0.0,0.0
9,49,-0.0,-1.5554601115145488,,0.0,0.0,0.0
9,50,-0.0,-6.714102118232404,,0.0,0.0,0.0
9,51,-0.0,0.6751225164771313,,0.0,0.0,0.0
9,52,-200.9882821418465,-5.138902042002883,,0.0,0.0,0.0
9,53,-0.0,0.703745988488663,,0.0,0.0,0.0
9,54,-0.0,0.6751225164771313,,0.0,0.0,0.0
9,55,456.66,-5.175878542650025,,0.0,0.0,0.0
9,56,-0.0,18.53897969920945,,1200.0,10077.9996,0.0
9,57,-0.0,-4.113065206547617,,0.0,0.0,0.0
9,58,-321.27439908780656,-0.4464399197604507,,0.0,0.0,0.0
9,59,-0.0,2.826807089295471,,0.0,0.0,0.0
9,60,-0.0,18.106108059932012,,0.0,0.0,0.0
9,61,-295.0294990218663,-5.8760429604153614,,0.0,0.0,0.0
9,62,-0.0,-6.275041930042789,,0.0,0.0,0.0
9,63,-0.0,7.7628582963952795,,0.0,0.0,0.0
9,64,-0.0,-6.404329518700251,,0.0,0.0,0.0
9,65,-0.0,-6.852841458516195,,100.0,2076.0836999999997,27392.914854613467
9,66,179.73,2.434545888492721,,0.0,0.0,0.0
9,67,-479.862908014458,-12.247578844529926,,0.0,0.0,0.0
9,68,-0.0,37.28108434291789,,0.0,0.0,0.0
9,69,-0.0,0.8840205685119145,,0.0,0.0,0.0
9,70,114.36,0.07017536921193823,,0.0,0.0,0.0
9,71,-0.0,18.484108059928985,,600.0,13510.674,304652.45294117654
9,72,-35.50462065316678,5.57646673162526,,0.0,0.0,0.0
9,73,-0.0,-0.6832628736156039,,0.0,0.0,0.0
9,74,-0.0,-0.4584642451663967,,0.0,0.0,0.0
9,75,-0.0,-5.138902042002883,,0.0,0.0,0.0
9,76,-0.0,17.35536462860182,,0.0,0.0,0.0
9,77,-575.727188791768,-8.925574275897816,,0.0,0.0,0.0
9,78,-0.0,-10.020838576514507,,0.0,0.0,0.0
9,79,-0.0,1.6237132036330877,,0.0,0.0,0.0
9,80,1299.13,57.41630021292076,,0.0,0.0,0.0
9,81,-0.0,7.327607538507436,,297.41369737741445,9300.51087290246,122715.7182756282
9,82,-0.0,7.257965565760969,,0.0,0.0,0.0
9,83,-0.0,3.171342570174602,,0.0,0.0,0.0
9,84,-835.6401451188015,-16.503643671792815,,0.0,0.0,0.0
9,85,-0.0,10.705142999984673,,0.0,0.0,0.0
9,86,-0.0,-0.30277380638290197,,0.0,0.0,0.0
9,87,-0.0,0.9245102512213634,,0.0,0.0,0.0
9,88,-16.172923286851773,-12.923802649995196,,0.0,0.0,0.0
9,89,-0.0,18.49610805993143,,600.0,10593.2064,238866.41882352944
10,1,-0.0,0.0,,0.0,0.0,0.0
10,2,23.43,-2.0107738243968925,,0.0,0.0,0.0
10,3,-89.25575517328386,-8.864157829331816,,0.0,0.0,0.0
10,4,-0.0,17.455501077638473,,0.0,0.0,0.0
10,5,-0.0,17.110329443457886,,0.0,0.0,0.0
10,6,-272.5669545260675,0.9850642915116623,,0.0,0.0,0.0
10,7,-0.0,9.878611178617575,,1700.0,11197.119700000001,0.0
10,8,-225.4007798688306,-13.59480322888703,,0.0,0.0,0.0
10,9,-0.0,13.660884579498088,,0.0,0.0,0.0
10,10,-0.0,5.558498741724179,,0.0,0.0,0.0
10,11,-137.80645550539072,11.874786018888699,,0.0,0.0,0.0
10,12,-0.0,6.011560816157726,,0.0,0.0,0.0
10,13,-220.04728059266674,2.4330180495308014,,0.0,0.0,0.0
10,14,-0.0,-9.169277059700107,,0.0,0.0,0.0
10,15,-0.0,0.14648539014160633,,0.0,0.0,0.0
10,16,-252.99899165457197,-9.445351358051994,,0.0,0.0,0.0
10,17,-0.0,0.8922600540827261,,0.0,0.0,0.0
10,18,-0.0,5.496888883440988,,0.0,0.0,0.0
10,19,-58.75926964148139,3.711244054764393,,0.0,0.0,0.0
10,20,-109.28522660306939,-13.330529177866993,,0.0,0.0,0.0
10,21,-0.0,1.6391799312259536,,0.0,0.0,0.0
10,22,357.45,5.924830210147775,,0.0,0.0,0.0
10,23,-7.937947202587809,-16.510718864097726,,0.0,0.0,0.0
10,24,-0.0,23.70067637421016,,0.0,0.0,0.0
10,25,-0.0,-2.1379214313055854,,0.0,0.0,0.0
10,26,-371.14518257680913,-8.508734526389162,,0.0,0.0,0.0
10,27,-0.0,-4.036049949136213,,0.0,0.0,0.0
10,28,-278.6588674954953,-2.4804941027832683,,0.0,0.0,0.0
10,29,-0.0,-0.22299302410101518,,0.0,0.0,0.0
10,30,-0.0,13.660884579498088,,0.0,0.0,0.0
10,31,-188.1108883589995,-11.458284930558875,,0.0,0.0,0.0
10,32,-334.0491246614598,14.087184865275049,,0.0,0.0,0.0
10,33,-273.30536821933146,-9.32310986678931,,0.0,0.0,0.0
10,34,-0.0,1.058339946801425,,0.0,0.0,0.0
10,35,-208.878773482049,-7.095145645915181,,0.0,0.0,0.0
10,36,-0.0,-13.539114774321206,,0.0,0.0,0.0
10,37,-0.0,3.091896290963632,,599.3732267257518,19529.519298486677,440371.5135933271
10,38,-0.0,-6.7912845342216315,,0.0,0.0,0.0
10,39,-0.0,-8.463641259280848,,0.0,0.0,0.0
10,40,-273.95148020093745,-10.324296444494394,,0.0,0.0,0.0
10,41,-310.41065630584654,-9.579261138569564,,0.0,0.0,0.0
10,42,-0.0,-4.347966583649395,,100.0,1676.2466,22117.258754613464
10,43,-360.43818402448136,-10.454584760969738,,0.0,0.0,0.0
10,44,-34.15163331345918,13.660884579498088,,0.0,0.0,0.0
10,45,-0.0,-9.3194618778507,,21.23,588.22028936,7761.28067581985
10,46,-379.6369400493449,-10.971249961075955,,0.0,0.0,0.0
10,47,-320.84997989436613,3.8196733846416464,,0.0,0.0,0.0
10,48,-0.0,24.780146571458317,,0.0,0.0,0.0
10,49,-0.0,-1.462098109856015,,0.0,0.0,0.0
10,50,-0.0,-7.0243276459223125,,0.0,0.0,0.0
10,51,-0.0,2.3857177601457806,,0.0,0.0,0.0
10,52,-205.55591186236106,-5.9852585380431265,,0.0,0.0,0.0
10,53,-0.0,0.7971079901471967,,0.0,0.0,0.0
10,54,-0.0,2.3857177601457806,,0.0,0.0,0.0
10,55,456.66,-4.8492256479512434,,0.0,0.0,0.0
10,56,-0.0,17.545452039295924,,1200.0,10077.9996,0.0
10,57,-0.0,-3.461504283885006,,0.0,0.0,0.0
10,58,-328.5756331601405,-1.7541650264465716,,0.0,0.0,0.0
10,59,-0.0,2.314432469487656,,0.0,0.0,0.0
10,60,-0.0,17.110329443457886,,0.0,0.0,0.0
10,61,-301.73429540999473,-6.7241850135615095,,0.0,0.0,0.0
10,62,-0.0,-5.985792758918251,,0.0,0.0,0.0
10,63,-0.0,7.121689521358348,,0.0,0.0,0.0
10,64,-0.0,-6.119477797532454,,0.0,0.0,0.0
10,65,-0.0,-6.7912845342216315,,100.0,2076.0836999999997,27392.914854613467
10,66,179.73,2.527907890136703,,0.0,0.0,0.0
10,67,-490.7682008855743,-12.195810420773341,,0.0,0.0,0.0
10,68,-0.0,36.2644557714666,,0.0,0.0,0.0
10,69,-0.0,1.1746111786051188,,0.0,0.0,0.0
10,70,114.36,-0.7693921312020393,,0.0,0.0,0.0
10,71,-0.0,17.48832944345486,,600.0,13510.674,304652.45294117654
10,72,-36.311493366256336,4.888640769262565,,0.0,0.0,0.0
10,73,-0.0,-0.48331071896245703,,0.0,0.0,0.0
10,74,-0.0,-0.23570324588217773,,0.0,0.0,0.0
10,75,-0.0,-5.9852585380431265,,0.0,0.0,0.0
10,76,-0.0,16.352986234269338,,0.0,0.0,0.0
10,77,-588.8110790086995,-9.202852948685177,,0.0,0.0,0.0
10,78,-0.0,-9.384947113896487,,0.0,0.0,0.0
10,79,-0.0,1.4320169307320612,,0.0,0.0,0.0
10,80,1299.13,56.399671641454916,,0.0,0.0,0.0
10,81,-0.0,6.110613865588675,,179.21037145929415,5604.140034542425,73943.90255053359
10,82,-0.0,6.6083530950854765,,0.0,0.0,0.0
10,83,-0.0,2.6514182468963554,,0.0,0.0,0.0
10,84,-854.6307784125672,-16.562466312912875,,0.0,0.0,0.0
10,85,-0.0,9.585233509104,,0.0,0.0,0.0
10,86,-0.0,-0.03376722564280499,,0.0,0.0,0.0
10,87,-0.0,0.9535364855400985,,0.0,0.0,0.0
10,88,-16.540466729113206,-12.936341305321548,,0.0,0.0,0.0
10,89,-0.0,17.500329443457304,,600.0,10593.2064,238866.41882352944
11,1,-0.0,0.0,,0.0,0.0,0.0
11,2,23.43,-2.3503984078997746,,0.0,0.0,0.0
11,3,-90.90995965999727,-8.795609179505846,,0.0,0.0,0.0
11,4,-0.0,16.62760037224507,,0.0,0.0,0.0
11,5,-0.0,16.279800363845425,,0.0,0.0,0.0
11,6,-277.61852210545186,0.14649973846098874,,0.0,0.0,0.0
11,7,-0.0,10.120978254941292,,1700.0,11197.119700000001,0.0
11,8,-229.57820216102724,-13.483697481249692,,0.0,0.0,0.0
11,9,-0.0,12.783127047980088,,0.0,0.0,0.0
11,10,-0.0,5.108847602779861,,0.0,0.0,0.0
11,11,-140.36046512138154,10.955392482836032,,0.0,0.0,0.0
11,12,-0.0,4.998901564045809,,0.0,0.0,0.0
11,13,-224.12548482878336,1.4958109029394109,,0.0,0.0,0.0
11,14,-0.0,-9.39920043751772,,0.0,0.0,0.0
11,15,-0.0,0.2243539605406113,,0.0,0.0,0.0
11,16,-257.6879001324225,-8.919586020114366,,0.0,0.0,0.0
11,17,-0.0,0.9421526427031495,,0.0,0.0,0.0
11,18,-0.0,5.048133302218048,,0.0,0.0,0.0
11,19,-59.84827333976656,2.7087793314130977,,0.0,0.0,0.0
11,20,-111.31064347201321,-13.355671890632948,,0.0,0.0,0.0
11,21,-0.0,2.7325635215238435,,0.0,0.0,0.0
11,22,357.45,7.351552043488482,,0.0,0.0,0.0
11,23,-8.085063630568527,-16.558343877841253,,0.0,0.0,0.0
11,24,-0.0,22.848930893887882,,0.0,0.0,0.0
11,25,-0.0,-1.8985164100449765,,0.0,0.0,0.0
11,26,-378.02373091297727,-8.77222042073845,,0.0,0.0,0.0
11,27,-0.0,-3.517168879683595,,0.0,0.0,0.0
11,28,-283.8233383800742,-3.1419572782615433,,0.0,0.0,0.0
11,29,-0.0,-0.20147193713637535,,0.0,0.0,0.0
11,30,-0.0,12.783127047980088,,0.0,0.0,0.0
11,31,-191.59720557091464,-11.386083842357039,,0.0,0.0,0.0
11,32,-340.24016029523904,13.200626913181623,,0.0,0.0,0.0
11,33,-278.37062104783035,-8.674696075715474,,0.0,0.0,0.0
11,34,-0.0,0.21981190815859009,,0.0,0.0,0.0
11,35,-212.74998832530903,-7.3538892237702385,,0.0,0.0,0.0
11,36,-0.0,-13.426348167820834,,0.0,0.0,0.0
11,37,-0.0,4.953956741228467,,837.5271488600358,27289.344747713676,615347.9698013868
11,38,-0.0,-6.739942986183451,,0.0,0.0,0.0
11,39,-0.0,-8.727553815901047,,0.0,0.0,0.0
11,40,-279.0287076224115,-10.402118877653265,,0.0,0.0,0.0
11,41,-316.16359290234834,-9.82246890629176,,0.0,0.0,0.0
11,42,-0.0,-4.650820720518823,,100.0,1676.2466,22117.258754613464
11,43,-367.1182962484895,-10.693350444373209,,0.0,0.0,0.0
11,44,-34.784576085004126,12.783127047980088,,0.0,0.0,0.0
11,45,-0.0,-8.672077032315428,,21.23,588.22028936,7761.28067581985
11,46,-386.67286875032966,-10.945498112865607,,0.0,0.0,0.0
11,47,-326.7963917002239,2.8974538836919237,,0.0,0.0,0.0
11,48,-0.0,23.932227588476962,,0.0,0.0,0.0
11,49,-0.0,-1.38422953945701,,0.0,0.0,0.0
11,50,-0.0,-7.28307122377737,,0.0,0.0,0.0
11,51,-0.0,3.812439593486488,,0.0,0.0,0.0
11,52,-209.36554308460592,-6.691162109418656,,0.0,0.0,0.0
11,53,-0.0,0.8749765605462017,,0.0,0.0,0.0
11,54,-0.0,3.812439593486488,,0.0,0.0,0.0
11,55,456.66,-4.576780825882452,,0.0,0.0,0.0
11,56,-0.0,16.71680036984617,,1200.0,10077.9996,0.0
11,57,-0.0,-2.9180699457065202,,0.0,0.0,0.0
11,58,-334.6652268848586,-2.8448730525851715,,0.0,0.0,0.0
11,59,-0.0,1.8870864566706587,,0.0,0.0,0.0
11,60,-0.0,16.279800363845425,,0.0,0.0,0.0
11,61,-307.3264303294013,-7.4315778286982095,,0.0,0.0,0.0
11,62,-0.0,-5.744544509681873,,0.0,0.0,0.0
11,63,-0.0,6.586922753122053,,0.0,0.0,0.0
11,64,-0.0,-5.881897241080878,,0.0,0.0,0.0
11,65,-0.0,-6.739942986183451,,100.0,2076.0836999999997,27392.914854613467
11,66,179.73,2.60577646055026,,0.0,0.0,0.0
11,67,-499.8637595782891,-12.152632970872219,,0.0,0.0,0.0
11,68,-0.0,35.416536788470694,,0.0,0.0,0.0
11,69,-0.0,1.4169782549433876,,0.0,0.0,0.0
11,70,114.36,-1.4696333412866807,,0.0,0.0,0.0
11,71,-0.0,16.657800363842398,,600.0,13510.674,304652.45294117654
11,72,-36.984465491461144,4.314959577473928,,0.0,0.0,0.0
11,73,-0.0,-0.31654063951282296,,0.0,0.0,0.0
11,74,-0.0,-0.04990945132158231,,0.0,0.0,0.0
11,75,-0.0,-6.691162109418656,,0.0,0.0,0.0
11,76,-0.0,15.516952610443695,,0.0,0.0,0.0
11,77,-599.72369665259,-9.43411720469885,,0.0,0.0,0.0
11,78,-0.0,-8.854581887688255,,0.0,0.0,0.0
11,79,-0.0,1.2721326688333647,,0.0,0.0,0.0
11,80,1299.13,55.55175265847356,,0.0,0.0,0.0
11,81,-0.0,5.09558038492105,,80.62289643519205,2521.182216933546,33265.77334113564
11,82,-0.0,6.066543863140396,,0.0,0.0,0.0
11,83,-0.0,2.2177754044678295,,0.0,0.0,0.0
11,84,-870.4699146720586,-16.611527332264814,,0.0,0.0,0.0
11,85,-0.0,8.651173083111644,,0.0,0.0,0.0
11,86,-0.0,0.1905976926209405,,0.0,0.0,0.0
11,87,-0.0,0.9777458140888484,,0.0,0.0,0.0
11,88,-16.847016309277677,-12.946799169832957,,0.0,0.0,0.0
11,89,-0.0,16.669800363844843,,600.0,10593.2064,238866.41882352944
12,1,-0.0,0.0,,0.0,0.0,0.0
12,2,23.43,-2.820246439310722,,0.0,0.0,0.0
12,3,-93.13654687408926,-8.771483176285983,,0.0,0.0,0.0
12,4,-0.0,15.714740042414633,,0.0,0.0,0.0
12,5,-0.0,15.365097801448428,,0.0,0.0,0.0
12,6,-284.4180174965725,-0.8425688757415628,,0.0,0.0,0.0
12,7,-0.0,10.39263896922057,,1700.0,11197.119700000001,0.0
12,8,-235.2010832125398,-13.419299195942585,,0.0,0.0,0.0
12,9,-0.0,11.80055687460117,,0.0,0.0,0.0
12,10,-0.0,4.609415958984755,,0.0,0.0,0.0
12,11,-143.7982052564791,10.008417336372077,,0.0,0.0,0.0
12,12,-0.0,4.044173424073961,,0.0,0.0,0.0
12,13,-229.61481669889227,0.39503537798009347,,0.0,0.0,0.0
12,14,-0.0,-9.720972648065072,,0.0,0.0,0.0
12,15,-0.0,0.28746482149290387,,0.0,0.0,0.0
12,16,-263.9992502397918,-8.365704642303172,,0.0,0.0,0.0
12,17,-0.0,1.0038134557107696,,0.0,0.0,0.0
12,18,-0.0,4.548942453300697,,0.0,0.0,0.0
12,19,-61.31409073427634,1.5429808552580653,,0.0,0.0,0.0
12,20,-114.03688883032233,-13.440758044904214,,0.0,0.0,0.0
12,21,-0.0,3.98751611931948,,0.0,0.0,0.0
12,22,357.45,8.994232278782874,,0.0,0.0,0.0
12,23,-8.283084830580844,-16.683468231232837,,0.0,0.0,0.0
12,24,-0.0,21.894849328149576,,0.0,0.0,0.0
12,25,-0.0,-1.6457190084038302,,0.0,0.0,0.0
12,26,-387.2823732995997,-9.154187510095653,,0.0,0.0,0.0
12,27,-0.0,-2.9498451358958846,,0.0,0.0,0.0
12,28,-290.77480352934384,-3.9381612205615966,,0.0,0.0,0.0
12,29,-0.0,-0.1793949539132882,,0.0,0.0,0.0
12,30,-0.0,11.80055687460117,,0.0,0.0,0.0
12,31,-196.28984749678793,-11.362682720297016,,0.0,0.0,0.0
12,32,-348.5733989576179,12.210508540883893,,0.0,0.0,0.0
12,33,-285.18853701569634,-7.978387897936045,,0.0,0.0,0.0
12,34,-0.0,-0.7689187754003797,,0.0,0.0,0.0
12,35,-217.9607089721448,-7.728979703009827,,0.0,0.0,0.0
12,36,-0.0,-13.359863084056997,,0.0,0.0,0.0
12,37,-0.0,7.1049238700652495,,1116.355538523143,36374.475971606655,820208.7719087776
12,38,-0.0,-6.729172519975691,,0.0,0.0,0.0
12,39,-0.0,-9.110484540025936,,0.0,0.0,0.0
12,40,-285.8627415949296,-10.554963792455965,,0.0,0.0,0.0
12,41,-323.90714285166723,-10.166646962927189,,0.0,0.0,0.0
12,42,-0.0,-5.121702650052612,,89.65330485115072,1502.810474355049,19828.85341599143
12,43,-376.1098402723046,-11.034424743847921,,0.0,0.0,0.0
12,44,-35.636527759475726,11.80055687460117,,0.0,0.0,0.0
12,45,-0.0,-7.976963728287956,,21.23,588.22028936,7761.28067581985
12,46,-396.1433477695234,-10.978681340478943,,0.0,0.0,0.0
12,47,-334.80036255327997,1.8125680061639287,,0.0,0.0,0.0
12,48,-0.0,22.98524824771448,,0.0,0.0,0.0
12,49,-0.0,-1.3211186785192695,,0.0,0.0,0.0
12,50,-0.0,-7.658161703002406,,0.0,0.0,0.0
12,51,-0.0,5.45511982878088,,0.0,0.0,0.0
12,52,-214.4933711360877,-7.482835404021898,,0.0,0.0,0.0
12,53,-0.0,0.9380874214839423,,0.0,0.0,0.0
12,54,-0.0,5.45511982878088,,0.0,0.0,0.0
12,55,456.66,-4.3000631123723,,0.0,0.0,0.0
12,56,-0.0,15.803413687855937,,1200.0,10077.9996,0.0
12,57,-0.0,-2.3204660042829346,,0.0,0.0,0.0
12,58,-342.8619230221127,-4.132779417865095,,0.0,0.0,0.0
12,59,-0.0,1.46212061366532,,0.0,0.0,0.0
12,60,-0.0,15.365097801448428,,0.0,0.0,0.0
12,61,-314.85353850196253,-8.215831299836282,,0.0,0.0,0.0
12,62,-0.0,-5.506993259434239,,0.0,0.0,0.0
12,63,-0.0,5.9937052995665,,0.0,0.0,0.0
12,64,-0.0,-5.648951001756359,,0.0,0.0,0.0
12,65,-0.0,-6.729172519975691,,100.0,2076.0836999999997,27392.914854613467
12,66,179.73,2.6688873214880005,,0.0,0.0,0.0
12,67,-512.1065353976553,-12.167999523619073,,0.0,0.0,0.0
12,68,-0.0,34.469557447722764,,0.0,0.0,0.0
12,69,-0.0,1.6886389692226658,,0.0,0.0,0.0
12,70,114.36,-2.2482607112906408,,0.0,0.0,0.0
12,71,-0.0,15.743097801445401,,600.0,13510.674,304652.45294117654
12,72,-37.890297352912846,3.670460885943612,,0.0,0.0,0.0
12,73,-0.0,-0.14226154932111967,,0.0,0.0,0.0
12,74,-0.0,0.14841895140125416,,0.0,0.0,0.0
12,75,-0.0,-7.482835404021898,,0.0,0.0,0.0
12,76,-0.0,14.592648759993608,,0.0,0.0,0.0
12,77,-614.4122645493177,-9.757566136569949,,0.0,0.0,0.0
12,78,-0.0,-8.29514158096572,,0.0,0.0,0.0
12,79,-0.0,1.1117272324190708,,0.0,0.0,0.0
12,80,1299.13,54.60477331771108,,0.0,0.0,0.0
12,81,-0.0,4.139526367682265,,0.0,0.0,0.0
12,82,-0.0,5.464945368585177,,0.0,0.0,0.0
12,83,-0.0,1.795132008381188,,0.0,0.0,0.0
12,84,-891.7896599398964,-16.73845160867495,,0.0,0.0,0.0
12,85,-0.0,7.58787376456894,,0.0,0.0,0.0
12,86,-0.0,0.4363177476479905,,0.0,0.0,0.0
12,87,-0.0,1.0120059025939554,,0.0,0.0,0.0
12,88,-17.259637228373112,-13.014130406270851,,0.0,0.0,0.0
12,89,-0.0,15.755097801447846,,600.0,10593.2064,238866.41882352944
13,1,-0.0,0.0,,0.0,0.0,0.0
13,2,23.43,-3.4382374663837254,,0.0,0.0,0.0
13,3,-95.94747979860796,-8.874203243554803,,0.0,0.0,0.0
13,4,-0.0,14.956140830443474,,0.0,0.0,0.0
13,5,-0.0,14.60748681066616,,0.0,0.0,0.0
13,6,-293.0019729527294,-1.8182665685453685,,0.0,0.0,0.0
13,7,-0.0,10.62894242357288,,1700.0,11197.119700000001,0.0
13,8,-242.29963357621574,-13.504423253601999,,0.0,0.0,0.0
13,9,-0.0,10.948868311621482,,0.0,0.0,0.0
13,10,-0.0,4.185704065166647,,0.0,0.0,0.0
13,11,-148.13814616269048,9.380764526489656,,0.0,0.0,0.0
13,12,-0.0,3.6369333455804735,,0.0,0.0,0.0
13,13,-236.5447692242827,-0.6805103852966568,,0.0,0.0,0.0
13,14,-0.0,-10.15121350530535,,0.0,0.0,0.0
13,15,-0.0,0.28563595945888665,,0.0,0.0,0.0
13,16,-271.9669515284224,-7.967068079451565,,0.0,0.0,0.0
13,17,-0.0,1.070916084034252,,0.0,0.0,0.0
13,18,-0.0,4.1236492305470165,,0.0,0.0,0.0
13,19,-63.164597352423804,0.4299374201364117,,0.0,0.0,0.0
13,20,-117.47861021877128,-13.648326046008151,,0.0,0.0,0.0
13,21,-0.0,5.1481770725222304,,0.0,0.0,0.0
13,22,357.45,10.525251462866436,,0.0,0.0,0.0
13,23,-8.533074728728318,-16.9606897693302,,0.0,0.0,0.0
13,24,-0.0,21.06637515449256,,0.0,0.0,0.0
13,25,-0.0,-1.4623040349397343,,0.0,0.0,0.0
13,26,-398.9708544676345,-9.689774619226228,,0.0,0.0,0.0
13,27,-0.0,-2.4898559326538816,,0.0,0.0,0.0
13,28,-299.55061169803247,-4.759337935989606,,0.0,0.0,0.0
13,29,-0.0,-0.164991564466618,,0.0,0.0,0.0
13,30,-0.0,10.948868311621482,,0.0,0.0,0.0
13,31,-202.21402671102692,-11.477343060527346,,0.0,0.0,0.0
13,32,-359.09361338070534,11.357689609576482,,0.0,0.0,0.0
13,33,-293.79574734609946,-7.44423347870179,,0.0,0.0,0.0
13,34,-0.0,-1.743625449074898,,0.0,0.0,0.0
13,35,-224.5389315245603,-8.254921245752485,,0.0,0.0,0.0
13,36,-0.0,-13.44264339588699,,0.0,0.0,0.0
13,37,-0.0,9.125792878388893,,1386.799932189886,45186.42947532705,1018909.6842475708
13,38,-0.0,-6.829589015804231,,0.0,0.0,0.0
13,39,-0.0,-9.648049116280163,,0.0,0.0,0.0
13,40,-294.49029994029826,-10.84191861837462,,0.0,0.0,0.0
13,41,-333.68291061294576,-10.63401730262558,,0.0,0.0,0.0
13,42,-0.0,-5.8397511850780575,,56.36938589616702,944.8899145253791,12467.362937041848
13,43,-387.4611257637684,-11.503496457444271,,0.0,0.0,0.0
13,44,-36.71206569336602,10.948868311621482,,0.0,0.0,0.0
13,45,-0.0,-7.443946221013903,,21.23,588.22028936,7761.28067581985
13,46,-408.0992599913904,-11.153172391277622,,0.0,0.0,0.0
13,47,-344.9048960992152,0.748709260020405,,0.0,0.0,0.0
13,48,-0.0,22.16955464812054,,0.0,0.0,0.0
13,49,-0.0,-1.3229475405532867,,0.0,0.0,0.0
13,50,-0.0,-8.184103245745064,,0.0,0.0,0.0
13,51,-0.0,6.986139012864442,,0.0,0.0,0.0
13,52,-220.96694675439494,-8.172528792449157,,0.0,0.0,0.0
13,53,-0.0,0.9362585594499251,,0.0,0.0,0.0
13,54,-0.0,6.986139012864442,,0.0,0.0,0.0
13,55,456.66,-4.1266171605093405,,0.0,0.0,0.0
13,56,-0.0,15.045096824789653,,1200.0,10077.9996,0.0
13,57,-0.0,-1.8276615064096404,,0.0,0.0,0.0
13,58,-353.20976068984965,-5.406486760592088,,0.0,0.0,0.0
13,59,-0.0,1.2192772872076603,,0.0,0.0,0.0
13,60,-0.0,14.60748681066616,,0.0,0.0,0.0
13,61,-324.35606149084737,-8.877738382929238,,0.0,0.0,0.0
13,62,-0.0,-5.377472052074154,,0.0,0.0,0.0
13,63,-0.0,5.492209861782612,,0.0,0.0,0.0
13,64,-0.0,-5.524594933769549,,0.0,0.0,0.0
13,65,-0.0,-6.829589015804231,,100.0,2076.0836999999997,27392.914854613467
13,66,179.73,2.6670584594539832,,0.0,0.0,0.0
13,67,-527.5623061935869,-12.33101807400817,,0.0,0.0,0.0
13,68,-0.0,33.65386384811427,,0.0,0.0,0.0
13,69,-0.0,1.9249424235749757,,0.0,0.0,0.0
13,70,114.36,-2.910883034361177,,0.0,0.0,0.0
13,71,-0.0,14.985486810663133,,600.0,13510.674,304652.45294117654
13,72,-39.033855793973494,3.1063723745319294,,0.0,0.0,0.0
13,73,-0.0,-0.020349445796455257,,0.0,0.0,0.0
13,74,-0.0,0.2976489689317532,,0.0,0.0,0.0
13,75,-0.0,-8.172528792449157,,0.0,0.0,0.0
13,76,-0.0,13.818632466194686,,0.0,0.0,0.0
13,77,-632.9557012732987,-10.189673346438212,,0.0,0.0,0.0
13,78,-0.0,-7.890723569653346,,0.0,0.0,0.0
13,79,-0.0,1.0163303545414237,,0.0,0.0,0.0
13,80,1299.13,53.78907971811714,,0.0,0.0,0.0
13,81,-0.0,3.7342669775389368,,0.0,0.0,0.0
13,82,-0.0,4.955015784929856,,0.0,0.0,0.0
13,83,-0.0,1.5763246778660687,,0.0,0.0,0.0
13,84,-918.704560706609,-17.017685572020127,,0.0,0.0,0.0
13,85,-0.0,6.6246058466495015,,0.0,0.0,0.0
13,86,-0.0,0.6365316828014329,,0.0,0.0,0.0
13,87,-0.0,1.0585287674330175,,0.0,0.0,0.0
13,88,-17.780546411489706,-13.20321450191841,,0.0,0.0,0.0
13,89,-0.0,14.997486810665578,,600.0,10593.2064,238866.41882352944
14,1,-0.0,0.0,,0.0,0.0,0.0
14,2,23.43,-4.070673775757314,,0.0,0.0,0.0
14,3,-98.8241171069447,-8.97932434953691,,0.0,0.0,0.0
14,4,-0.0,14.179809678520542,,0.0,0.0,0.0
14,5,-0.0,13.832166979205795,,0.0,0.0,0.0
14,6,-301.7865747847029,-2.8167707876418717,,0.0,0.0,0.0
14,7,-0.0,10.870769372530049,,1700.0,11197.119700000001,0.0
14,8,-249.56410959168454,-13.591537050597253,,0.0,0.0,0.0
14,9,-0.0,10.077271884001675,,0.0,0.0,0.0
14,10,-0.0,3.752088082706905,,0.0,0.0,0.0
14,11,-152.57953137607905,8.738440594141139,,0.0,0.0,0.0
14,12,-0.0,3.2201742002362153,,0.0,0.0,0.0
14,13,-243.63670649736935,-1.7811965818546014,,0.0,0.0,0.0
14,14,-0.0,-10.591511063015787,,0.0,0.0,0.0
14,15,-0.0,0.2837643485254375,,0.0,0.0,0.0
14,16,-280.1208945089301,-7.559113553332281,,0.0,0.0,0.0
14,17,-0.0,1.1395872082794085,,0.0,0.0,0.0
14,18,-0.0,3.688414956224733,,0.0,0.0,0.0
14,19,-65.05835879036297,-0.7091229406796629,,0.0,0.0,0.0
14,20,-121.00078040808948,-13.8607458625047,,0.0,0.0,0.0
14,21,-0.0,6.335967991035432,,0.0,0.0,0.0
14,22,357.45,12.092057581307017,,0.0,0.0,0.0
14,23,-8.788908036398391,-17.244391245170846,,0.0,0.0,0.0
14,24,-0.0,20.218535742838867,,0.0,0.0,0.0
14,25,-0.0,-1.2746018130274024,,0.0,0.0,0.0
14,26,-410.932549004162,-10.237880853470415,,0.0,0.0,0.0
14,27,-0.0,-2.019114673777949,,0.0,0.0,0.0
14,28,-308.5315507196133,-5.599709314381471,,0.0,0.0,0.0
14,29,-0.0,-0.150251501792809,,0.0,0.0,0.0
14,30,-0.0,10.077271884001675,,0.0,0.0,0.0
14,31,-208.276681141627,-11.594683538351092,,0.0,0.0,0.0
14,32,-369.8597334247607,10.484936391716474,,0.0,0.0,0.0
14,33,-302.6041476252981,-6.897593422880163,,0.0,0.0,0.0
14,34,-0.0,-2.7411154844012344,,0.0,0.0,0.0
14,35,-231.27091728336697,-8.793156452520634,,0.0,0.0,0.0
14,36,-0.0,-13.527358662948245,,0.0,0.0,0.0
14,37,-0.0,11.193898856261512,,1663.565850674175,54204.3587140574,1222255.1474738433
14,38,-0.0,-6.932352705305675,,0.0,0.0,0.0
14,39,-0.0,-10.198179040118703,,0.0,0.0,0.0
14,40,-303.3195238608189,-11.135580893562292,,0.0,0.0,0.0
14,41,-343.68718286520686,-11.112312228942756,,0.0,0.0,0.0
14,42,-0.0,-6.5745838048896985,,22.30746922842701,373.928194487554,4933.800690856978
14,43,-399.07774281553156,-11.98353252655943,,0.0,0.0,0.0
14,44,-37.81274387752796,10.077271884001675,,0.0,0.0,0.0
14,45,-0.0,-6.898469651991036,,21.23,588.22028936,7761.28067581985
14,46,-420.33463667100676,-11.331742097550887,,0.0,0.0,0.0
14,47,-355.2456188991215,-0.34001674024329986,,0.0,0.0,0.0
14,48,-0.0,21.334794551090454,,0.0,0.0,0.0
14,49,-0.0,-1.3248191514721839,,0.0,0.0,0.0
14,50,-0.0,-8.722338452527765,,0.0,0.0,0.0
14,51,-0.0,8.552945131305023,,0.0,0.0,0.0
14,52,-227.59183950068856,-8.878343475938891,,0.0,0.0,0.0
14,53,-0.0,0.9343869485310279,,0.0,0.0,0.0
14,54,-0.0,8.552945131305023,,0.0,0.0,0.0
14,55,456.66,-3.949116981922998,,0.0,0.0,0.0
14,56,-0.0,14.269054621574469,,1200.0,10077.9996,0.0
14,57,-0.0,-1.3233379090961535,,0.0,0.0,0.0
14,58,-363.79947474384875,-6.709966480804724,,0.0,0.0,0.0
14,59,-0.0,0.9707575993670616,,0.0,0.0,0.0
14,60,-0.0,13.832166979205795,,0.0,0.0,0.0
14,61,-334.0807019882132,-9.555117267809692,,0.0,0.0,0.0
14,62,-0.0,-5.244923340549576,,0.0,0.0,0.0
14,63,-0.0,4.9789921774790855,,0.0,0.0,0.0
14,64,-0.0,-5.397332094609737,,0.0,0.0,0.0
14,65,-0.0,-6.932352705305675,,100.0,2076.0836999999997,27392.914854613467
14,66,179.73,2.665186848535086,,0.0,0.0,0.0
14,67,-543.3793491805843,-12.497847114980686,,0.0,0.0,0.0
14,68,-0.0,32.81910375109874,,0.0,0.0,0.0
14,69,-0.0,2.166769372532144,,0.0,0.0,0.0
14,70,114.36,-3.588993877667235,,0.0,0.0,0.0
14,71,-0.0,14.21016697921732,,600.0,13510.674,304652.45294117654
14,72,-40.20414443626892,2.5290985296160216,,0.0,0.0,0.0
14,73,-0.0,0.10441230227297638,,0.0,0.0,0.0
14,74,-0.0,0.45036717581388075,,0.0,0.0,0.0
14,75,-0.0,-8.878343475938891,,0.0,0.0,0.0
14,76,-0.0,13.026523864609771,,0.0,0.0,0.0
14,77,-651.9325830906117,-10.631880881963298,,0.0,0.0,0.0
14,78,-0.0,-7.4768524561368395,,0.0,0.0,0.0
14,79,-0.0,0.9187036144430749,,0.0,0.0,0.0
14,80,1299.13,52.95431962108705,,0.0,0.0,0.0
14,81,-0.0,3.3195348183071474,,0.0,0.0,0.0
14,82,-0.0,4.43316681010765,,0.0,0.0,0.0
14,83,-0.0,1.352402817341499,,0.0,0.0,0.0
14,84,-946.248586044376,-17.30344651271298,,0.0,0.0,0.0
14,85,-0.0,5.638821943241055,,0.0,0.0,0.0
14,86,-0.0,0.8414255351235624,,0.0,0.0,0.0
14,87,-0.0,1.1061390848190058,,0.0,0.0,0.0
14,88,-18.313631629332463,-13.396718359363149,,0.0,0.0,0.0
14,89,-0.0,14.222166979205213,,600.0,10593.2064,238866.41882352944
15,1,-0.0,0.0,,0.0,0.0,0.0
15,2,23.43,-4.928699921423686,,0.0,0.0,0.0
15,3,-102.03467501390112,-8.968188083119458,,0.0,0.0,0.0
15,4,-0.0,11.903844522021245,,0.0,0.0,0.0
15,5,-0.0,11.547263988599298,,0.0,0.0,0.0
15,6,-311.59089484596694,-4.987503158117761,,0.0,0.0,0.0
15,7,-0.0,11.288698661213857,,1700.0,11197.119700000001,0.0
15,8,-257.671847346377,-13.450438289874,,0.0,0.0,0.0
15,9,-0.0,7.709499165604939,,0.0,0.0,0.0
15,10,-0.0,2.6854598526115296,,0.0,0.0,0.0
15,11,-157.5364734185671,6.962336756012519,,0.0,0.0,0.0
15,12,-0.0,2.1909839884610847,,0.0,0.0,0.0
15,13,-251.551877180083,-4.18621540973254,,0.0,0.0,0.0
15,14,-0.0,-11.269085755106062,,0.0,0.0,0.0
15,15,-0.0,0.3167406282882439,,0.0,0.0,0.0
15,16,-289.2213487208924,-6.803124314668821,,0.0,0.0,0.0
15,17,-0.0,1.2399434166873107,,0.0,0.0,0.0
15,18,-0.0,2.623484636293142,,0.0,0.0,0.0
15,19,-67.17194841142653,-3.287481287319679,,0.0,0.0,0.0
15,20,-124.93180477400097,-13.93466003696085,,0.0,0.0,0.0
15,21,-0.0,8.290777298811008,,92.24716589211982,3209.7263923885916,72376.18335778196
15,22,357.45,14.490507651935332,,0.0,0.0,0.0
15,23,-9.07443852243588,-17.373265632035327,,0.0,0.0,0.0
15,24,-0.0,17.914628407394048,,0.0,0.0,0.0
15,25,-0.0,-0.8717150032171048,,0.0,0.0,0.0
15,26,-424.28275928738,-10.875279154264717,,0.0,0.0,0.0
15,27,-0.0,-1.114040527434554,,0.0,0.0,0.0
15,28,-318.5549988283014,-7.309700634883484,,0.0,0.0,0.0
15,29,-0.0,-0.11820820439606905,,0.0,0.0,0.0
15,30,-0.0,7.709499165604939,,0.0,0.0,0.0
15,31,-215.04308963632937,-11.546785187645582,,0.0,0.0,0.0
15,32,-381.875586704043,8.091289928925107,,0.0,0.0,0.0
15,33,-312.4350286620075,-5.969089002930559,,0.0,0.0,0.0
15,34,-0.0,-4.912366663542343,,0.0,0.0,0.0
15,35,-238.78435321246974,-9.427832431407296,,0.0,0.0,0.0
15,36,-0.0,-13.38325989175064,,0.0,0.0,0.0
15,37,-0.0,14.192543646684499,,2000.0,65166.472,1469440.0549019608
15,38,-0.0,-7.046557314999518,,0.0,0.0,0.0
15,39,-0.0,-10.837510585479322,,0.0,0.0,0.0
15,40,-313.17364575104295,-11.403279875026783,,0.0,0.0,0.0
15,41,-354.852752918045,-11.710242010260117,,0.0,0.0,0.0
15,42,-0.0,-7.390363104233984,,0.0,0.0,0.0
15,43,-412.04281895479204,-12.578207800514065,,0.0,0.0,0.0
15,44,-39.0411889918753,7.709499165604939,,0.0,0.0,0.0
15,45,-0.0,-5.971412528931978,,21.23,588.22028936,7761.28067581985
15,46,-433.99029817184623,-11.404027833472355,,0.0,0.0,0.0
15,47,-366.7866947423182,-2.707050362165319,,0.0,0.0,0.0
15,48,-0.0,19.03431475625257,,0.0,0.0,0.0
15,49,-0.0,-1.2918428717093775,,0.0,0.0,0.0
15,50,-0.0,-9.357014431399875,,0.0,0.0,0.0
15,51,-0.0,10.951395201933337,,0.0,0.0,0.0
15,52,-234.98575104028725,-10.099165345498477,,0.0,0.0,0.0
15,53,-0.0,0.9673632282792823,,0.0,0.0,0.0
15,54,-0.0,10.951395201933337,,0.0,0.0,0.0
15,55,456.66,-3.488746932154754,,0.0,0.0,0.0
15,56,-0.0,11.990535798191559,,1200.0,10077.9996,0.0
15,57,-0.0,-0.3722559630405158,,0.0,0.0,0.0
15,58,-375.61844479264244,-9.452775941303116,,0.0,0.0,0.0
15,59,-0.0,0.4517473319720011,,0.0,0.0,0.0
15,60,-0.0,11.547263988599298,,0.0,0.0,0.0
15,61,-344.9341805795685,-10.685562793340068,,0.0,0.0,0.0
15,62,-0.0,-4.841985462233424,,0.0,0.0,0.0
15,63,-0.0,3.6726659695559647,,0.0,0.0,0.0
15,64,-0.0,-5.001146707858425,,0.0,0.0,0.0
15,65,-0.0,-7.046557314999518,,100.0,2076.0836999999997,27392.914854613467
15,66,179.73,2.6981631282833405,,0.0,0.0,0.0
15,67,-561.0324374859487,-12.596250878545106,,0.0,0.0,0.0
15,68,-0.0,30.518623956260853,,0.0,0.0,0.0
15,69,-0.0,2.5846986612159526,,0.0,0.0,0.0
15,70,114.36,-4.726006222423166,,0.0,0.0,0.0
15,71,-0.0,11.839901056198869,,464.5032819066655,10459.587356285094,235853.4403868208
15,72,-41.51028040379391,1.161625411870773,,0.0,0.0,0.0
15,73,-0.0,0.3426215454383055,,0.0,0.0,0.0
15,74,-0.0,0.736665359174367,,0.0,0.0,0.0
15,75,-0.0,-10.099165345498477,,0.0,0.0,0.0
15,76,-0.0,10.735422946381732,,0.0,0.0,0.0
15,77,-673.1123049107322,-11.312551049166359,,0.0,0.0,0.0
15,78,-0.0,-6.712477533641504,,0.0,0.0,0.0
15,79,-0.0,0.6899111877137329,,0.0,0.0,0.0
15,80,1299.13,50.65383982624917,,0.0,0.0,0.0
15,81,-0.0,2.291132125988952,,0.0,0.0,0.0
15,82,-0.0,3.1275522918003844,,0.0,0.0,0.0
15,83,-0.0,0.848403200332541,,0.0,0.0,0.0
15,84,-976.9899270126286,-17.434961305974866,,0.0,0.0,0.0
15,85,-0.0,3.1718916523095686,,0.0,0.0,0.0
15,86,-0.0,1.2126901988231111,,0.0,0.0,0.0
15,87,-0.0,1.1656580658745952,,0.0,0.0,0.0
15,88,-18.908597479308256,-13.44434033325524,,0.0,0.0,0.0
15,89,-0.0,11.937263988598716,,600.0,10593.2064,238866.41882352944
16,1,-0.0,0.0,,0.0,0.0,0.0
16,2,23.43,-6.003326308287797,,0.0,0.0,0.0
16,3,-104.97327443956395,-8.8269943909836,,0.0,0.0,0.0
16,4,-0.0,7.605393278267002,,0.0,0.0,0.0
16,5,-0.0,7.225247600508737,,0.0,0.0,0.0
16,6,-320.56471501554535,-8.654445350650349,,0.0,0.0,0.0
16,7,-0.0,11.917468318526517,,1700.0,11197.119700000001,0.0
16,8,-265.0927985330043,-12.926231804231065,,0.0,0.0,0.0
16,9,-0.0,3.3489031463250285,,0.0,0.0,0.0
16,10,-0.0,0.7876049015321769,,0.0,0.0,0.0
16,11,-162.07352506542813,3.670971458515851,,0.0,0.0,0.0
16,12,-0.0,0.35960111416352447,,0.0,0.0,0.0
16,13,-258.7965731788216,-8.249725724643213,,0.0,0.0,0.0
16,14,-0.0,-12.241910720345913,,0.0,0.0,0.0
16,15,-0.0,0.38284862380533013,,0.0,0.0,0.0
16,16,-297.5509257899119,-5.954566277723643,,0.0,0.0,0.0
16,17,-0.0,1.373684432110167,,0.0,0.0,0.0
16,18,-0.0,0.7323303284792928,,0.0,0.0,0.0
16,19,-69.10650104263331,-7.707518565221108,,0.0,0.0,0.0
16,20,-128.5298417129718,-13.716253806953318,,0.0,0.0,0.0
16,21,-0.0,11.173852198233362,,674.9382550181488,23484.37601755649,529549.6552978425
16,22,357.45,17.235089630135917,,0.0,0.0,0.0
16,23,-9.335782421719234,-17.165045752291917,,0.0,0.0,0.0
16,24,-0.0,13.669131872651633,,0.0,0.0,0.0
16,25,-0.0,-0.17891412699827924,,0.0,0.0,0.0
16,26,-436.5021060201517,-11.549663007259369,,0.0,0.0,0.0
16,27,-0.0,0.368725132822874,,0.0,0.0,0.0
16,28,-327.72938524616706,-10.115927369246492,,0.0,0.0,0.0
16,29,-0.0,-0.0651302034384571,,0.0,0.0,0.0
16,30,-0.0,3.3489031463250285,,0.0,0.0,0.0
16,31,-221.2363322728349,-11.241368293543928,,0.0,0.0,0.0
16,32,-392.8736065400475,3.669741461329977,,0.0,0.0,0.0
16,33,-321.43315989198436,-5.085989361235988,,0.0,0.0,0.0
16,34,-0.0,-8.58228561274882,,0.0,0.0,0.0
16,35,-245.66134442268174,-10.111393025043071,,0.0,0.0,0.0
16,36,-0.0,-12.855849115803721,,0.0,0.0,0.0
16,37,-0.0,16.86276984633878,,2000.0,65166.472,1469440.0549019608
16,38,-0.0,-7.284117316827178,,0.0,0.0,0.0
16,39,-0.0,-11.513366499435506,,0.0,0.0,0.0
16,40,-322.19304915886846,-11.603426158006187,,0.0,0.0,0.0
16,41,-365.07251493304403,-12.398560802350403,,0.0,0.0,0.0
16,42,-0.0,-8.200574419999612,,0.0,0.0,0.0
16,43,-423.9096553117862,-13.265151099069044,,0.0,0.0,0.0
16,44,-40.16557553530368,3.3489031463250285,,0.0,0.0,0.0
16,45,-0.0,-5.0886026701628,,21.23,588.22028936,7761.28067581985
16,46,-446.48922209920016,-11.341071893126355,,0.0,0.0,0.0
16,47,-377.3501543737004,-6.698372694809223,,0.0,0.0,0.0
16,48,-0.0,14.775017435094924,,0.0,0.0,0.0
16,49,-0.0,-1.2257348761922913,,0.0,0.0,0.0
16,50,-0.0,-10.040575025050202,,0.0,0.0,0.0
16,51,-0.0,13.695977180133923,,0.0,0.0,0.0
16,52,-241.7533424787062,-11.894966202686192,,0.0,0.0,0.0
16,53,-0.0,1.0334712238109205,,0.0,0.0,0.0
16,54,-0.0,13.695977180133923,,0.0,0.0,0.0
16,55,456.66,-2.6168440361943794,,0.0,0.0,0.0
16,56,-0.0,7.685351656051353,,1200.0,10077.9996,0.0
16,57,-0.0,1.1682694850023836,,0.0,0.0,0.0
16,58,-386.4362588934434,-13.994445791700855,,0.0,0.0,0.0
16,59,-0.0,-0.41138568469614256,,0.0,0.0,0.0
16,60,-0.0,7.225247600508737,,0.0,0.0,0.0
16,61,-354.86828763488575,-12.30487500767049,,0.0,0.0,0.0
16,62,-0.0,-4.034771376638673,,0.0,0.0,0.0
16,63,-0.0,1.3198713460878935,,0.0,0.0,0.0
16,64,-0.0,-4.201536850392586,,0.0,0.0,0.0
16,65,-0.0,-7.284117316827178,,100.0,2076.0836999999997,27392.914854613467
16,66,179.73,2.7642711238149786,,0.0,0.0,0.0
16,67,-577.1901760032695,-12.691950339372852,,0.0,0.0,0.0
16,68,-0.0,26.259326635088655,,0.0,0.0,0.0
16,69,-0.0,3.213468318528612,,0.0,0.0,0.0
16,70,114.36,-6.360412289068336,,0.0,0.0,0.0
16,71,-0.0,7.306986310388311,,129.74398393059346,2921.5477839124783,65878.03826469314
16,72,-42.70577679888776,-1.2306535538955359,,0.0,0.0,0.0
16,73,-0.0,0.7088111660414143,,0.0,0.0,0.0
16,74,-0.0,1.1796626301511424,,0.0,0.0,0.0
16,75,-0.0,-11.894966202686192,,0.0,0.0,0.0
16,76,-0.0,6.426745364951785,,0.0,0.0,0.0
16,77,-692.4979444724574,-12.289902067073854,,0.0,0.0,0.0
16,78,-0.0,-5.854239230946405,,0.0,0.0,0.0
16,79,-0.0,0.29019654920557514,,0.0,0.0,0.0
16,80,1299.13,46.39454250509152,,0.0,0.0,0.0
16,81,-0.0,0.45809985903906636,,0.0,0.0,0.0
16,82,-0.0,0.7918920352967689,,0.0,0.0,0.0
16,83,-0.0,-0.017406608938472345,,0.0,0.0,0.0
16,84,-1005.1272444295414,-17.229728769263602,,0.0,0.0,0.0
16,85,-0.0,-1.2365792536875233,,0.0,0.0,0.0
16,86,-0.0,1.77598452087841,,0.0,0.0,0.0
16,87,-0.0,1.2341745278972667,,0.0,0.0,0.0
16,88,-19.45316523223357,-13.193277816477348,,0.0,0.0,0.0
16,89,-0.0,7.615247600508155,,600.0,10593.2064,238866.41882352944
24,1,-0.0,0.0,,0.0,0.0,0.0
24,2,23.43,-4.316890982561745,,0.0,0.0,0.0
24,3,-99.94403636614042,-9.020249616951332,,0.0,0.0,0.0
24,4,-0.0,13.877571990771685,,0.0,0.0,0.0
24,5,-0.0,13.530323014114401,,0.0,0.0,0.0
24,6,-305.2065557282448,-3.205503876131843,,0.0,0.0,0.0
24,7,-0.0,10.964916332508437,,1700.0,11197.119700000001,0.0
24,8,-252.39228211594096,-13.625451794985565,,0.0,0.0,0.0
24,9,-0.0,9.737945955523173,,0.0,0.0,0.0
24,10,-0.0,3.5832746947853593,,0.0,0.0,0.0
24,11,-154.30863112166253,8.488373983258498,,0.0,0.0,0.0
24,12,-0.0,3.057923438915168,,0.0,0.0,0.0
24,13,-246.39770702883018,-2.209710689727217,,0.0,0.0,0.0
24,14,-0.0,-10.762925691204146,,0.0,0.0,0.0
24,15,-0.0,0.283035701548215,,0.0,0.0,0.0
24,16,-283.29535023742596,-7.40029056603089,,0.0,0.0,0.0
24,17,-0.0,1.166321935786982,,0.0,0.0,0.0
24,18,-0.0,3.518971542318468,,0.0,0.0,0.0
24,19,-65.79562931818509,-1.1525767023995286,,0.0,0.0,0.0
24,20,-122.37201557136532,-13.943444172371528,,0.0,0.0,0.0
24,21,-0.0,6.798393310236861,,0.0,0.0,0.0
24,22,357.45,12.70203936190228,,0.0,0.0,0.0
24,23,-8.88850788778498,-17.354840604122728,,0.0,0.0,0.0
24,24,-0.0,19.888458786997944,,0.0,0.0,0.0
24,25,-0.0,-1.2015264438377926,,0.0,0.0,0.0
24,26,-415.58942112538847,-10.451267061755061,,0.0,0.0,0.0
24,27,-0.0,-1.8358478433074197,,0.0,0.0,0.0
24,28,-312.0279687584053,-5.926878849742934,,0.0,0.0,0.0
24,29,-0.0,-0.14451296810875647,,0.0,0.0,0.0
24,30,-0.0,9.737945955523173,,0.0,0.0,0.0
24,31,-210.6369659919278,-11.640365995641332,,0.0,0.0,0.0
24,32,-374.0511499614259,10.145160106971161,,0.0,0.0,0.0
24,33,-306.03339367129456,-6.684778020469821,,0.0,0.0,0.0
24,34,-0.0,-3.12945373551338,,0.0,0.0,0.0
24,35,-233.89178314020248,-9.002699717602809,,0.0,0.0,0.0
24,36,-0.0,-13.560339622650645,,0.0,0.0,0.0
24,37,-0.0,11.999044401716674,,1771.3150902121292,57715.177614743094,1301420.6717049915
24,38,-0.0,-6.972360194151406,,0.0,0.0,0.0
24,39,-0.0,-10.412353101957706,,0.0,0.0,0.0
24,40,-306.7568768714631,-11.249908145298832,,0.0,0.0,0.0
24,41,-347.58200030954526,-11.298519818621571,,0.0,0.0,0.0
24,42,-0.0,-6.860665474217967,,9.046639866737792,151.64399318043675,2000.868747924416
24,43,-403.60027095116686,-12.170417969973641,,0.0,0.0,0.0
24,44,-38.24125486605166,9.737945955523173,,0.0,0.0,0.0
24,45,-0.0,-6.686107212924981,,21.23,588.22028936,7761.28067581985
24,46,-425.0980574704608,-11.401262037572451,,0.0,0.0,0.0
24,47,-359.2714217294113,-0.7638745592848863,,0.0,0.0,0.0
24,48,-0.0,21.009809574097744,,0.0,0.0,0.0
24,49,-0.0,-1.3255477984639583,,0.0,0.0,0.0
24,50,-0.0,-8.93188171760994,,0.0,0.0,0.0
24,51,-0.0,9.162926911900286,,0.0,0.0,0.0
24,52,-230.17101239647852,-9.153128015226685,,0.0,0.0,0.0
24,53,-0.0,0.9336583015392534,,0.0,0.0,0.0
24,54,-0.0,9.162926911900286,,0.0,0.0,0.0
24,55,456.66,-3.880013425514335,,0.0,0.0,0.0
24,56,-0.0,13.966929426009301,,1200.0,10077.9996,0.0
24,57,-0.0,-1.1269969564600615,,0.0,0.0,0.0
24,58,-367.9222137085695,-7.217431234312244,,0.0,0.0,0.0
24,59,-0.0,0.8740050529449945,,0.0,0.0,0.0
24,60,-0.0,13.530323014114401,,0.0,0.0,0.0
24,61,-337.8666544787105,-9.81883131225186,,0.0,0.0,0.0
24,62,-0.0,-5.193320083373692,,0.0,0.0,0.0
24,63,-0.0,4.7791886196500855,,0.0,0.0,0.0
24,64,-0.0,-5.347786709055072,,0.0,0.0,0.0
24,65,-0.0,-6.972360194151406,,100.0,2076.0836999999997,27392.914854613467
24,66,179.73,2.6644582015433116,,0.0,0.0,0.0
24,67,-549.5371678994505,-12.562796232974506,,0.0,0.0,0.0
24,68,-0.0,32.49411877410603,,0.0,0.0,0.0
24,69,-0.0,2.260916332510533,,0.0,0.0,0.0
24,70,114.36,-3.8529928848001873,,0.0,0.0,0.0
24,71,-0.0,13.908323014111375,,600.0,13510.674,304652.45294117654
24,72,-40.659755849472226,2.304356920765713,,0.0,0.0,0.0
24,73,-0.0,0.1529839745053323,,0.0,0.0,0.0
24,74,-0.0,0.5098227285343455,,0.0,0.0,0.0
24,75,-0.0,-9.153128015226685,,0.0,0.0,0.0
24,76,-0.0,12.718143772435724,,0.0,0.0,0.0
24,77,-659.3205757878831,-10.804039093971369,,0.0,0.0,0.0
24,78,-0.0,-7.315726050132071,,0.0,0.0,0.0
24,79,-0.0,0.880696019215975,,0.0,0.0,0.0
24,80,1299.13,52.62933464409434,,0.0,0.0,0.0
24,81,-0.0,3.1580731939320685,,0.0,0.0,0.0
24,82,-0.0,4.230002957789111,,0.0,0.0,0.0
24,83,-0.0,1.2652265843644273,,0.0,0.0,0.0
24,84,-956.9718998115106,-17.414697653090116,,0.0,0.0,0.0
24,85,-0.0,5.255041069773142,,0.0,0.0,0.0
24,86,-0.0,0.9211938711086987,,0.0,0.0,0.0
24,87,-0.0,1.1246745154785458,,0.0,0.0,0.0
24,88,-18.52116992431475,-13.472052394718048,,0.0,0.0,0.0
24,89,-0.0,13.92032301411382,,600.0,10593.2064,238866.41882352944
